h,t,t,p,:,/,/,w,e,b,.,a,r,c,h,i,v,e,.,o,r,g,/,w,e,b,/,2,0,1,6,0,8,0,4,2,2,1,9,1,7,/,h,t,t,p,s,:,/,/,e,n,.,w,i,k,i,p,e,d,i,a,.,o,r,g,/,w,i,k,i,/,D,r,a,f,t,:,L,e,g,a,l,_,N,a,m,e,_,F,r,a,u,d
h,t,t,p,s,:,/,/,e,n,.,w,i,k,i,p,e,d,i,a,.,o,r,g,/,w,i,k,i,/,E,a,m,o,n,_,V,a,l,e,r,a
h,t,t,p,s,:,/,/,e,n,.,w,i,k,i,p,e,d,i,a,.,o,r,g,/,w,i,k,i,/,M,a,r,c,o,_,B,a,s,t,e,n
h,t,t,p,s,:,/,/,e,n,.,m,.,w,i,k,i,p,e,d,i,a,.,o,r,g,/,w,i,k,i,/,C,l,a,i,r,e,_,K,i,t,t,r,e,l,l
h,t,t,p,s,:,/,/,e,n,.,w,i,k,i,p,e,d,i,a,.,o,r,g,/,w,i,k,i,/,A,n,d,r,e,_,G,i,a,n,t
h,t,t,p,s,:,/,/,e,n,.,w,i,k,i,p,e,d,i,a,.,o,r,g,/,w,i,k,i,/,E,l,e,u,t,h,e,r,e,_,d,u,_,P,o,n,t
h,t,t,p,s,:,/,/,w,e,b,.,a,r,c,h,i,v,e,.,o,r,g,/,w,e,b,/,2,0,1,6,0,4,0,6,1,3,3,4,3,5,/,h,t,t,p,s,:,/,/,e,n,.,w,i,k,i,p,e,d,i,a,.,o,r,g,/,w,i,k,i,/,M,a,t,t,r,e,s,s,_,P,e,r,f,o,r,m,a,n,c,e,_,%,2,8,C,a,r,r,y,_,T,h,a,t,_,W,e,i,g,h,t,%,2,9
h,t,t,p,s,:,/,/,e,n,.,w,i,k,i,p,e,d,i,a,.,o,r,g,/,w,i,k,i,/,C,h,i,_,R,o,d,r,i,g,u,e,z
h,t,t,p,s,:,/,/,e,n,.,w,i,k,i,p,e,d,i,a,.,o,r,g,/,w,i,k,i,/,L,i,s,t,_,o,f,_,a,l,l,_,N,a,t,i,o,n,a,l,_,H,i,s,t,o,r,i,c,_,L,a,n,d,m,a,r,k,s
h,t,t,p,s,:,/,/,e,n,.,m,.,w,i,k,i,p,e,d,i,a,.,o,r,g,/,w,i,k,i,/,O,u,r,_,P,l,a,n,e,t
h,t,t,p,s,:,/,/,e,n,.,w,i,k,i,p,e,d,i,a,.,o,r,g,/,w,i,k,i,/,B,r,a,d,_,P,i,t,t, ,h,t,t,p,s,:,/,/,e,n,.,w,i,k,i,p,e,d,i,a,.,o,r,g,/,w,i,k,i,/,S,t,e,v,e,_,C,a,r,e,l,l
h,t,t,p,s,:,/,/,e,n,.,w,i,k,i,p,e,d,i,a,.,o,r,g,/,w,i,k,i,/,A,.,D,.,_,H,e,r,s,h,e,y
h,t,t,p,s,:,/,/,e,n,.,w,i,k,i,p,e,d,i,a,.,o,r,g,/,w,i,k,i,/,M,o,n,s,t,e,r,c,a,t,_,d,i,s,c,o,g,r,a,p,h,y
h,t,t,p,s,:,/,/,e,n,.,w,i,k,i,p,e,d,i,a,.,o,r,g,/,w,i,k,i,/,K,e,r,r,y,_,M,c,C,a,r,t,h,y,h,t,t,p,s,:,/,/,t,w,i,t,t,e,r,.,c,o,m,/,K,e,r,r,y,M,P,h,t,t,p,s,:,/,/,w,w,w,.,f,a,c,e,b,o,o,k,.,c,o,m,/,k,e,r,r,y,4,m,p,/
h,t,t,p,s,:,/,/,e,n,.,w,i,k,i,p,e,d,i,a,.,o,r,g,/,w,i,k,i,/,P,o,l,i,t,i,c,a,l,_,P,o,s,i,t,i,o,n,s,_,o,f,_,H,i,l,l,a,r,y,_,C,l,i,n,t,o,n
h,t,t,p,s,:,/,/,e,n,.,w,i,k,i,p,e,d,i,a,.,o,r,g,/,w,i,k,i,/,R,e,p,l,i,c,a,t,i,o,n,_,c,r,i,s,i,s,I,f
h,t,t,p,:,/,/,w,e,b,.,a,r,c,h,i,v,e,.,o,r,g,/,w,e,b,/,2,0,1,1,0,7,3,0,0,6,5,3,0,7,/,h,t,t,p,:,/,/,e,n,.,w,i,k,i,p,e,d,i,a,.,o,r,g,/,w,i,k,i,/,C,r,e,e,p,i,n,g,_,f,a,s,c,i,s,m
h,t,t,p,:,/,/,w,w,w,.,b,b,c,.,c,o,m,/,n,e,w,s,/,w,o,r,l,d,-,e,u,r,o,p,e,-,3,6,3,5,1,3,5,9,h,t,t,p,s,:,/,/,e,n,.,w,i,k,i,p,e,d,i,a,.,o,r,g,/,w,i,k,i,/,A,u,s,t,r,i,a,n,_,p,r,e,s,i,d,e,n,t,i,a,l,_,e,l,e,c,t,i,o,n,",",_,2,0,1,6,R,e,s,u,l,t
h,t,t,p,:,/,/,e,a,s,y,h,y,p,e,r,l,i,n,k,s,.,c,o,m,/,e,n,.,m,.,w,i,k,i,p,e,d,i,a,.,o,r,g,/,w,i,k,i,/,T,i,m,e,_,P,e,r,s,o,n,_,o,f,_,t,h,e,_,Y,e,a,r
h,t,t,p,s,:,/,/,e,n,.,w,i,k,i,p,e,d,i,a,.,o,r,g,/,w,i,k,i,/,J,o,n,a,t,h,a,n,_,M,e,y,e,r,s
h,t,t,p,s,:,/,/,e,n,.,w,i,k,i,p,e,d,i,a,.,o,r,g,/,w,i,k,i,/,M,a,r,k,_,S,h,a,r,p,"""",_,J,o,h,n,s,o,n
h,t,t,p,s,:,/,/,e,n,.,w,i,k,i,p,e,d,i,a,.,o,r,g,/,w,i,k,i,/,F,i,l,e,%,3,A,P,S,M,_,V,5,2,_,D,3,2,3,_,G,l,o,b,a,l,_,h,a,i,r,_,t,e,x,t,u,r,e,_,m,a,p,.,p,n,g
h,t,t,p,s,:,/,/,e,n,.,w,i,k,i,p,e,d,i,a,.,o,r,g,/,w,i,k,i,/,T,r,a,c,e,e,_,R,o,s,s
h,t,t,p,s,:,/,/,e,n,.,w,i,k,i,p,e,d,i,a,.,o,r,g,/,w,i,k,i,/,W,o,r,k,s,_,R,e,c,o,r,d,s,_,S,y,s,t,e,m
h,t,t,p,:,/,/,e,n,.,w,i,k,i,p,e,d,i,a,.,o,r,g,/,w,i,k,i,/,T,o,m,_,B,a,k,e,r,/
h,t,t,p,s,:,/,/,e,n,.,w,i,k,i,p,e,d,i,a,.,o,r,g,/,w,i,k,i,/,M,o,n,d,a,y,_,N,i,g,h,t,_,F,o,o,t,b,a,l,l,_,a,l,l,-,t,i,m,e,_,t,e,a,m,_,s,t,a,n,d,i,n,g,s
h,t,t,p,s,:,/,/,e,n,.,w,i,k,i,p,e,d,i,a,.,o,r,g,/,w,i,k,i,/,C,e,e,_,G,r,e,e,n
h,t,t,p,s,:,/,/,e,n,.,w,i,k,i,p,e,d,i,a,.,o,r,g,/,w,i,k,i,/,T,h,e,_,P,a,r,k,e,r,_,S,q,u,a,r,e
h,t,t,p,s,:,/,/,e,n,.,w,i,k,i,p,e,d,i,a,.,o,r,g,/,w,i,k,i,/,U,n,i,v,e,r,s,a,l,_,M,o,n,s,t,e,r,s,_,(,2,0,1,7,_,f,i,l,m,_,s,e,r,i,e,s,)
h,t,t,p,s,:,/,/,e,n,.,w,i,k,i,p,e,d,i,a,.,o,r,g,/,w,i,k,i,/,H,e,n,r,y,_,G,a,t,e,s,_,J,r,.
h,t,t,p,s,:,/,/,e,n,.,m,.,w,i,k,i,p,e,d,i,a,.,o,r,g,/,w,i,k,i,/,I,r,a,n,_,A,i,r,_,F,l,i,g,h,t,_,6,5,5,/
h,t,t,p,s,:,/,/,e,n,.,w,i,k,i,p,e,d,i,a,.,o,r,g,/,w,i,k,i,/,F,e,r,d,i,n,a,n,d,_,E,r,n,s,t,_,P,o,r,s,c,h,e
h,t,t,p,s,:,/,/,e,n,.,w,i,k,i,p,e,d,i,a,.,o,r,g,/,w,i,k,i,/,W,i,l,d,_,H,i,c,k,o,k
h,t,t,p,s,:,/,/,w,i,k,i,l,e,a,k,s,.,o,r,g,/,p,o,d,e,s,t,a,-,e,m,a,i,l,s,/,e,m,a,i,l,i,d,/,4,2,4,5,8,h,t,t,p,s,:,/,/,e,n,.,w,i,k,i,p,e,d,i,a,.,o,r,g,/,w,i,k,i,/,M,a,y,a,_,H,a,r,r,i,s
h,t,t,p,s,:,/,/,e,n,.,w,i,k,i,p,e,d,i,a,.,o,r,g,/,w,i,k,i,/,G,i,a,d,a,_,L,a,u,r,e,n,t,i,i,s
h,t,t,p,s,:,/,/,e,n,.,w,i,k,i,p,e,d,i,a,.,o,r,g,/,w,i,k,i,/,R,e,t,a,i,l,_,S,o,l,u,t,i,o,n,s,_,A,d,v,i,s,o,r,s
h,t,t,p,s,:,/,/,e,n,.,w,i,k,i,p,e,d,i,a,.,o,r,g,/,w,i,k,i,/,P,i,r,a,t,e,_,P,a,r,t,y,F,i,r,s,t
h,t,t,p,s,:,/,/,e,n,.,w,i,k,i,p,e,d,i,a,.,o,r,g,/,w,i,k,i,/,S,y,e,d,_,K,h,a,n
h,t,t,p,s,:,/,/,e,n,.,w,i,k,i,p,e,d,i,a,.,o,r,g,/,w,i,k,i,/,P,i,r,a,t,e,_,P,a,r,t,y,F,i,r,s,t
h,t,t,p,s,:,/,/,e,n,.,w,i,k,i,p,e,d,i,a,.,o,r,g,/,w,i,k,i,/,R,e,n,e,g,a,d,e,_,P,a,r,t,y
h,t,t,p,s,:,/,/,e,n,.,w,i,k,i,p,e,d,i,a,.,o,r,g,/,w,i,k,i,/,N,a,n,c,y,_,C,a,r,t,w,r,i,g,h,t,/
h,t,t,p,s,:,/,/,e,n,.,w,i,k,i,p,e,d,i,a,.,o,r,g,/,w,i,k,i,/,V,e,d,i,u,s,_,P,o,l,l,i,o,/
h,t,t,p,s,:,/,/,e,n,.,m,.,w,i,k,i,p,e,d,i,a,.,o,r,g,/,w,i,k,i,/,A,n,g,e,l,a,_,N,i,c,o,l,e,t,t,i
h,t,t,p,s,:,/,/,e,n,.,w,i,k,i,p,e,d,i,a,.,o,r,g,/,w,i,k,i,/,F,i,l,e,%,3,A,S,p,a,c,e,c,o,l,o,n,y,3,e,d,i,t,.,j,p,e,g
h,t,t,p,s,:,/,/,e,n,.,w,i,k,i,p,e,d,i,a,.,o,r,g,/,w,i,k,i,/,C,r,o,o,k,e,d,_,H,i,l,l,a,r,y
h,t,t,p,s,:,/,/,t,r,a,n,s,l,a,t,e,.,g,o,o,g,l,e,.,c,o,m,/,t,r,a,n,s,l,a,t,e,?,h,l,=,e,n,&,a,m,p,;,s,l,=,e,s,&,a,m,p,;,u,=,h,t,t,p,s,:,/,/,e,s,.,w,i,k,i,p,e,d,i,a,.,o,r,g,/,w,i,k,i,/,D,%,2,5,C,3,%,2,5,A,D,a,_,d,e,_,l,o,s,_,S,a,n,t,o,s,_,I,n,o,c,e,n,t,e,s,&,a,m,p,;,p,r,e,v,=,s,e,a,r,c,h
h,t,t,p,s,:,/,/,e,n,.,w,i,k,i,p,e,d,i,a,.,o,r,g,/,w,i,k,i,/,C,r,o,o,k,e,d,_,H,i,l,l,a,r,y
h,t,t,p,s,:,/,/,e,n,.,w,i,k,i,p,e,d,i,a,.,o,r,g,/,w,i,k,i,/,W,e,_,n,e,e,d,_,t,o,_,t,a,l,k,_,a,b,o,u,t,_,G,r,i,f,f,i,t,h
h,t,t,p,s,:,/,/,e,n,.,w,i,k,i,p,e,d,i,a,.,o,r,g,/,w,i,k,i,/,A,u,g,u,s,t,o,_,B,a,s,t,o,s
h,t,t,p,:,/,/,w,w,w,.,f,a,r,k,.,c,o,m,/,g,o,/,9,2,4,6,2,5,3,/,e,n,.,w,i,k,i,p,e,d,i,a,.,o,r,g,/,w,i,k,i,/,R,o,o,t,_,b,e,e,r,%,3,F,u,t,m,_,s,o,u,r,c,e,%,3,D,f,a,r,k,%,2,6,u,t,m,_,m,e,d,i,u,m,%,3,D,w,e,b,s,i,t,e,%,2,6,u,t,m,_,c,o,n,t,e,n,t,%,3,D,l,i,n,k,%,2,6,I,C
h,t,t,p,s,:,/,/,e,n,.,w,i,k,i,p,e,d,i,a,.,o,r,g,/,w,i,k,i,/,L,i,s,t,_,o,f,_,m,o,s,t,_,d,i,s,l,i,k,e,d,_,Y,o,u,T,u,b,e,_,v,i,d,e,o,s,/
h,t,t,p,s,:,/,/,e,n,.,w,i,k,i,p,e,d,i,a,.,o,r,g,/,w,i,k,i,/,R,a,y,f,u,l,_,I,I,I
h,t,t,p,s,:,/,/,e,n,.,w,i,k,i,p,e,d,i,a,.,o,r,g,/,w,i,k,i,/,E,.,V,.,_,W,i,l,k,i,n,s
h,t,t,p,s,:,/,/,e,n,.,w,i,k,i,p,e,d,i,a,.,o,r,g,/,w,i,k,i,/,F,i,l,e,%,3,A,F,l,a,g,_,o,f,_,G,r,a,n,d,_,E,s,t,.,s,v,g
h,t,t,p,s,:,/,/,e,n,.,w,i,k,i,p,e,d,i,a,.,o,r,g,/,w,i,k,i,/,J,.,_,G,e,t,t,y
h,t,t,p,s,:,/,/,e,n,.,w,i,k,i,p,e,d,i,a,.,o,r,g,/,w,i,k,i,/,H,a,r,r,y,_,J,r,.
h,t,t,p,s,:,/,/,e,n,.,w,i,k,i,p,e,d,i,a,.,o,r,g,/,w,i,k,i,/,T,h,e,_,B,l,a,c,k,_,V,i,o,l,e,t,s
h,t,t,p,s,:,/,/,e,n,.,w,i,k,i,p,e,d,i,a,.,o,r,g,/,w,i,k,i,/,A,n,c,e,s,t,r,y,_,c,h,a,r,t,s,_,o,f,_,t,h,e,_,c,u,r,r,e,n,t,_,B,r,i,t,i,s,h,_,R,o,y,a,l,_,F,a,m,i,l,y
h,t,t,p,s,:,/,/,e,n,.,w,i,k,i,p,e,d,i,a,.,o,r,g,/,w,i,k,i,/,H,a,n,d,e,d,n,e,s,s,_,o,f,_,P,r,e,s,i,d,e,n,t,s,_,o,f,_,t,h,e,_,U,n,i,t,e,d,_,S,t,a,t,e,s
h,t,t,p,s,:,/,/,e,n,.,m,.,w,i,k,i,p,e,d,i,a,.,o,r,g,/,w,i,k,i,/,G,a,n,n,e,t,t,_,C,o,m,p,a,n
h,t,t,p,s,:,/,/,e,n,.,w,i,k,i,p,e,d,i,a,.,o,r,g,/,w,i,k,i,/,3,_,L,i,g,h,t,_,S,w,i,t,c,h,e,s,_,(,R,i,d,d,l,e,)
h,t,t,p,:,/,/,b,.,h,a,t,e,n,a,.,n,e,.,j,p,/,e,n,t,r,y,/,j,a,.,w,i,k,i,p,e,d,i,a,.,o,r,g,/,w,i,k,i,/,ス,ラ,ッ,ク,テ,ィ,ビ,ズ,ム
h,t,t,p,s,:,/,/,e,n,.,w,i,k,i,p,e,d,i,a,.,o,r,g,/,w,i,k,i,/,B,a,l,t,i,m,o,r,e,_,O,r,i,o,l,e,s,_,F,.,C
h,t,t,p,s,:,/,/,e,n,.,w,i,k,i,p,e,d,i,a,.,o,r,g,/,w,i,k,i,/,J,o,e,_,M,a,m,m,a
h,t,t,p,:,/,/,w,e,b,.,a,r,c,h,i,v,e,.,o,r,g,/,w,e,b,/,2,0,0,8,0,5,1,2,0,1,1,3,4,9,/,h,t,t,p,:,/,/,e,n,.,w,i,k,i,p,e,d,i,a,.,o,r,g,/,w,i,k,i,/,A,n,t,i,o,b,j,e,c,t,s,#,P,a,c,-,M,a,n,_,e,x,a,m,p,l,e
h,t,t,p,s,:,/,/,e,n,.,w,i,k,i,p,e,d,i,a,.,o,r,g,/,w,i,k,i,/,T,e,d,_,C,r,u,z,_,e,x,t,r,a,m,a,r,i,t,a,l,_,a,f,f,a,i,r,s,_,a,l,l,e,g,a,t,i,o,n
h,t,t,p,s,:,/,/,e,n,.,w,i,k,i,p,e,d,i,a,.,o,r,g,/,w,i,k,i,/,H,o,_,C,h,i,-,M,i,n,h
h,t,t,p,s,:,/,/,e,n,.,w,i,k,i,p,e,d,i,a,.,o,r,g,/,w,i,k,i,/,1,",",0,0,0,",",0,0,1
h,t,t,p,s,:,/,/,e,n,.,w,i,k,i,p,e,d,i,a,.,o,r,g,/,w,i,k,i,/,T,i,m,e,l,i,n,e,_,o,f,_,L,G,B,T,_,h,i,s,t,o,r,y,h,t,t,p,s,:,/,/,e,n,.,w,i,k,i,p,e,d,i,a,.,o,r,g,/,w,i,k,i,/,T,i,m,e,l,i,n,e,_,o,f,_,L,G,B,T,_,h,i,s,t,o,r,y,#,2,0,t,h,_,c,e,n,t,u,r,y
h,t,t,p,s,:,/,/,e,n,.,w,i,k,i,p,e,d,i,a,.,o,r,g,/,w,i,k,i,/,_,4,%,E,2,%,8,0,%,9,3,2,_,G,r,e,n,a,d,a,_,(,1,9,9,4,_,C,a,r,i,b,b,e,a,n,_,C,u,p,_,q,u,a,l,i,f,i,c,a,t,i,o,n,)
h,t,t,p,s,:,/,/,e,n,.,w,i,k,i,p,e,d,i,a,.,o,r,g,/,w,i,k,i,/,G,e,r,m,a,n,_,W,o,r,l,d,_,W,a,r,_,I,I,_,S,o,n,i,c,_,C,a,n,n,o,n
h,t,t,p,s,:,/,/,e,n,.,w,i,k,i,p,e,d,i,a,.,o,r,g,/,w,i,k,i,/,2,0,1,6,_,N,o,r,t,h,_,C,a,r,o,l,i,n,a,_,c,o,u,p,_,d,%,2,7,%,C,3,%,A,9,t,a,t
h,t,t,p,s,:,/,/,e,n,.,m,.,w,i,k,i,p,e,d,i,a,.,o,r,g,/,w,i,k,i,/,N,e,t,f,l,i,x,/,?,n,e,w,=,1,2,3
h,t,t,p,s,:,/,/,e,n,.,w,i,k,i,p,e,d,i,a,.,o,r,g,/,w,i,k,i,/,J,o,s,e,p,h,_,C,u,m,i,a
h,t,t,p,:,/,/,w,w,w,.,f,a,r,k,.,c,o,m,/,g,o,/,9,2,8,1,9,4,4,/,e,n,.,m,.,w,i,k,i,p,e,d,i,a,.,o,r,g,/,w,i,k,i,/,L,i,s,t,s,_,o,f,_,l,e,g,e,n,d,a,r,y,_,c,r,e,a,t,u,r,e,s,%,3,F,u,t,m,_,s,o,u,r,c,e,%,3,D,f,a,r,k,%,2,6,u,t,m,_,m,e,d,i,u,m,%,3,D,w,e,b,s,i,t,e,%,2,6,u,t
h,t,t,p,s,:,/,/,e,n,.,w,i,k,i,p,e,d,i,a,.,o,r,g,/,w,i,k,i,/,S,a,m,m,y,_,J,r,.
h,t,t,p,s,:,/,/,e,n,.,w,i,k,i,p,e,d,i,a,.,o,r,g,/,w,i,k,i,/,A,l,l,i,s,o,n,_,R,o,b,i,c,e,l,l,i
h,t,t,p,s,:,/,/,e,n,.,w,i,k,i,p,e,d,i,a,.,o,r,g,/,w,i,k,i,/,F,r,e,d,d,y,_,F,u,s,i,o,n
h,t,t,p,s,:,/,/,e,n,.,w,i,k,i,p,e,d,i,a,.,o,r,g,/,w,i,k,i,/,S,.,_,M,e,r,k,e,r,s,o,n
h,t,t,p,s,:,/,/,e,n,.,w,i,k,i,p,e,d,i,a,.,o,r,g,/,w,i,k,i,/,E,d,_,J,r,.
h,t,t,p,s,:,/,/,e,n,.,w,i,k,i,p,e,d,i,a,.,o,r,g,/,w,i,k,i,/,D,r,a,f,t,:,M,e,m,e,_,W,a,r
h,t,t,p,s,:,/,/,e,n,.,w,i,k,i,p,e,d,i,a,.,o,r,g,/,w,i,k,i,/,D,o,n,a,l,d,_,T,r,u,m,p,h,t,t,p,s,:,/,/,e,n,.,w,i,k,i,p,e,d,i,a,.,o,r,g,/,w,i,k,i,/,D,o,n,a,l,d,_,T,r,u,m,p,#,E,l,e,c,t,i,o,n,_,t,o,_,t,h,e,_,P,r,e,s,i,d,e,n,c,y
h,t,t,p,s,:,/,/,e,n,.,w,i,k,i,p,e,d,i,a,.,o,r,g,/,w,i,k,i,/,S,c,h,i,z,o,t,y,p,a,l,_,a,u,t,i,s,m
h,t,t,p,s,:,/,/,e,n,.,w,i,k,i,p,e,d,i,a,.,o,r,g,/,w,i,k,i,/,E,l,e,c,t,r,i,c,_,S,h,e,e,p,_,(,b,a,n,d,)
h,t,t,p,s,:,/,/,e,n,.,w,i,k,i,p,e,d,i,a,.,o,r,g,/,w,i,k,i,/,D,r,a,f,t,:,F,I,F,A,_,c,h,e,m,i,s,t,r,y,_,g,l,i,t,c,h
h,t,t,p,s,:,/,/,e,n,.,w,i,k,i,p,e,d,i,a,.,o,r,g,/,w,i,k,i,/,L,a,u,r,a,_,F,r,a,s,e
h,t,t,p,s,:,/,/,e,n,.,w,i,k,i,p,e,d,i,a,.,o,r,g,/,w,i,k,i,/,B,a,t,_,b,o,m,b,/,?,2,1,3
h,t,t,p,s,:,/,/,e,n,.,w,i,k,i,p,e,d,i,a,.,o,r,g,/,w,i,k,i,/,L,i,s,t,_,o,f,_,E,u,r,o,p,e,a,n,_,c,o,u,n,t,r,i,e,s,_,b,y,_,m,e,d,i,a,n,_,w,a,g,e
h,t,t,p,s,:,/,/,e,n,.,w,i,k,i,p,e,d,i,a,.,o,r,g,/,w,i,k,i,/,M,e,d,i,c,a,r,e,_,P,r,e,s,c,r,i,p,t,i,o,n,_,D,r,u,g,_,P,r,i,c,e,_,N,e,g,o,t,i,a,t,i,o,n,_,A,c,t,_,o,f,_,2,0,0,7,/,/
h,t,t,p,s,:,/,/,e,n,.,w,i,k,i,p,e,d,i,a,.,o,r,g,/,w,i,k,i,/,S,h,e,l,l,a,n,o,o,_,G,r,o,u,p
h,t,t,p,s,:,/,/,e,n,.,w,i,k,i,p,e,d,i,a,.,o,r,g,/,w,i,k,i,/,U,_,W,i,n
h,t,t,p,s,:,/,/,e,n,.,w,i,k,i,p,e,d,i,a,.,o,r,g,/,w,i,k,i,/,F,i,l,e,%,3,A,F,l,i,c,k,r,_,-,_,T,h,e,_,U,.,S,.,_,A,r,m,y,_,-,_,O,b,s,e,r,v,a,t,i,o,n,_,p,o,s,t,.,j,p,g
h,t,t,p,s,:,/,/,e,n,.,w,i,k,i,p,e,d,i,a,.,o,r,g,/,w,i,k,i,/,V,o,y,l,l,a
h,t,t,p,s,:,/,/,e,n,.,w,i,k,i,p,e,d,i,a,.,o,r,g,/,w,i,k,i,/,T,h,e,_,B,r,i,x,t,o,n,_,K,i,d,n,a,p,p,i,n,g
h,t,t,p,s,:,/,/,e,n,.,w,i,k,i,p,e,d,i,a,.,o,r,g,/,w,i,k,i,/,J,o,_,P,a,y,t,o,n
h,t,t,p,s,:,/,/,e,n,.,w,i,k,i,p,e,d,i,a,.,o,r,g,/,w,i,k,i,/,K,a,t,h,i,e,_,G,i,f,f,o,r,d
h,t,t,p,s,:,/,/,e,n,.,w,i,k,i,p,e,d,i,a,.,o,r,g,/,w,i,k,i,/,L,e,e,_,F,o,r,e,s,t
h,t,t,p,s,:,/,/,e,n,.,w,i,k,i,p,e,d,i,a,.,o,r,g,/,w,i,k,i,/,D,e,v,i,l,_,H,a,t,f,i,e,l,d
h,t,t,p,s,:,/,/,e,n,.,w,i,k,i,p,e,d,i,a,.,o,r,g,/,w,i,k,i,/,V,i,r,g,i,l,_,W,a,r,e
h,t,t,p,:,/,/,w,i,k,i,p,e,d,i,a,.,o,r,g,/,w,i,k,i,/,T,h,e,_,H,u,g,h,_,M,u,n,g,u,s,_,I,n,c,i,d,e,n,t
h,t,t,p,s,:,/,/,e,n,.,w,i,k,i,p,e,d,i,a,.,o,r,g,/,w,i,k,i,/,W,a,r,i,t,h,_,M,o,h,a,m,m,e,d
h,t,t,p,s,:,/,/,e,n,.,w,i,k,i,p,e,d,i,a,.,o,r,g,/,w,i,k,i,/,N,o,r,t,h,_,K,o,r,e,a,n,_,d,e,f,e,c,t,o,r,s,h,t,t,p,s,:,/,/,e,n,.,w,i,k,i,p,e,d,i,a,.,o,r,g,/,w,i,k,i,/,N,o,r,t,h,_,K,o,r,e,a,n,_,d,e,f,e,c,t,o,r,s
h,t,t,p,s,:,/,/,w,e,b,.,a,r,c,h,i,v,e,.,o,r,g,/,w,e,b,/,2,0,1,6,0,1,1,5,0,6,3,6,4,9,/,h,t,t,p,s,:,/,/,f,r,.,w,i,k,i,p,e,d,i,a,.,o,r,g,/,w,i,k,i,/,%,C,3,%,8,9,n,e,r,g,i,e,_,p,o,t,e,n,t,i,e,l,l,e,_,m,%,C,3,%,A,9,c,a,n,i,q,u,e
h,t,t,p,s,:,/,/,w,e,b,.,a,r,c,h,i,v,e,.,o,r,g,/,w,e,b,/,2,0,1,5,1,1,2,6,0,1,2,1,3,3,/,h,t,t,p,s,:,/,/,e,n,.,w,i,k,i,p,e,d,i,a,.,o,r,g,/,w,i,k,i,/,T,i,l,d,a,_,S,w,i,n,t,o,n,#,E,a,r,l,y,_,l,i,f,e,?,1
h,t,t,p,s,:,/,/,w,e,b,.,a,r,c,h,i,v,e,.,o,r,g,/,w,e,b,/,2,0,0,4,0,1,2,2,1,1,4,2,1,7,/,h,t,t,p,:,/,/,e,n,.,w,i,k,i,p,e,d,i,a,.,o,r,g,/,w,i,k,i,/,B,e,r,n,i,e,_,S,a,n,d,e,r,s
h,t,t,p,s,:,/,/,w,e,b,c,a,c,h,e,.,g,o,o,g,l,e,u,s,e,r,c,o,n,t,e,n,t,.,c,o,m,/,s,e,a,r,c,h,?,q,=,c,a,c,h,e,:,Q,a,C,s,T,1,e,r,4,d,o,J,:,h,t,t,p,s,:,/,/,e,n,.,w,i,k,i,p,e,d,i,a,.,o,r,g,/,w,i,k,i,/,D,i,h,y,d,r,o,g,e,n,_,m,o,n,o,x,i,d,e,_,h,o,a,x,+,&,a,m,p,;,c,d,=,1,&,a,m,p,;,h,l,=,e,n,&,a,m,p,;,c,t,=,c,l,n,k,&,a,m,p,;,g,l,=,a,e
h,t,t,p,s,:,/,/,e,n,.,m,.,w,i,k,i,p,e,d,i,a,.,o,r,g,/,w,i,k,i,/,T,h,e,_,B,r,i,x,t,o,n,_,K,i,d,n,a,p,p,i,n,g
h,t,t,p,:,/,/,w,w,w,.,g,i,z,o,o,g,l,e,.,n,e,t,/,x,f,e,r,.,p,h,p,?,l,i,n,k,=,h,t,t,p,s,:,/,/,e,n,.,w,i,k,i,p,e,d,i,a,.,o,r,g,/,w,i,k,i,/,F,a,l,l,o,u,t,_,4,&,a,m,p,;,s,a,=,U,&,a,m,p,;,v,e,d,=,0,a,h,U,K,E,w,j,e,o,I,T,a,w,M,_,L,A,h,W,C,W,B,o,K,H,Q,K,w,D,M,c,Q,F,g,g,i,M,A,Q,&,a,m,p,;,u,s,g,=,A,F,Q,j,C,N,E,z,M,M,z,X,l,k,-,D,Z,X,W,L,w,U,k,a,Z,C,i,F,N,M,0,i,B,A
h,t,t,p,s,:,/,/,w,e,b,.,a,r,c,h,i,v,e,.,o,r,g,/,w,e,b,/,2,0,1,5,0,3,3,1,0,2,1,4,1,0,/,h,t,t,p,:,/,/,e,n,.,w,i,k,i,p,e,d,i,a,.,o,r,g,/,w,i,k,i,/,C,o,v,e,r,t,_,U,n,i,t,e,d,_,S,t,a,t,e,s,_,f,o,r,e,i,g,n,_,r,e,g,i,m,e,_,c,h,a,n,g,e,_,a,c,t,i,o,n,s
h,t,t,p,:,/,/,w,w,w,.,f,a,r,k,.,c,o,m,/,g,o,/,9,0,7,6,7,4,5,/,e,n,.,m,.,w,i,k,i,p,e,d,i,a,.,o,r,g,/,w,i,k,i,/,L,i,s,t,_,o,f,_,m,y,s,t,e,r,y,_,w,r,i,t,e,r,s,%,3,F,u,t,m,_,s,o,u,r,c,e,%,3,D,f,a,r,k,%,2,6,u,t,m,_,m,e,d,i,u,m,%,3,D,w,e,b,s,i,t,e,%,2,6,u,t,m,_,c,o,n
h,t,t,p,:,/,/,w,w,w,.,f,a,r,k,.,c,o,m,/,g,o,/,9,2,7,2,9,5,1,/,e,n,.,m,.,w,i,k,i,p,e,d,i,a,.,o,r,g,/,w,i,k,i,/,U,n,i,t,e,d,_,S,t,a,t,e,s,_,B,u,l,l,i,o,n,_,D,e,p,o,s,i,t,o,r,y,%,3,F,u,t,m,_,s,o,u,r,c,e,%,3,D,f,a,r,k,%,2,6,u,t,m,_,m,e,d,i,u,m,%,3,D,w,e,b,s,i,t,e
h,t,t,p,:,/,/,i,.,i,m,g,u,r,.,c,o,m,/,4,p,Z,9,L,7,Q,.,j,p,g, , , , , ,h,t,t,p,s,:,/,/,e,n,.,w,i,k,i,p,e,d,i,a,.,o,r,g,/,w,i,k,i,/,R,a,y,m,o,n,d,_,R,o,b,i,n,s,o,n,_,%,2,8,G,r,e,e,n,_,M,a,n,%,2,9
h,t,t,p,s,:,/,/,e,n,.,w,i,k,i,p,e,d,i,a,.,o,r,g,/,w,i,k,i,/,S,e,r,b,i,a,n,_,p,a,r,l,i,a,m,e,n,t,a,r,y,_,e,l,e,c,t,i,o,n,",",_,2,0,1,6,T,r,y,i,n,g
h,t,t,p,s,:,/,/,e,n,.,w,i,k,i,p,e,d,i,a,.,o,r,g,/,w,i,k,i,/,M,e,d,i,c,a,r,e,_,P,r,e,s,c,r,i,p,t,i,o,n,_,D,r,u,g,_,P,r,i,c,e,_,N,e,g,o,t,i,a,t,i,o,n,_,A,c,t,_,o,f,_,2,0,0,7,/
h,t,t,p,s,:,/,/,e,n,.,w,i,k,i,p,e,d,i,a,.,o,r,g,/,w,i,k,i,/,M,a,l,c,o,m,_,M,c,L,e,a,n, ,(,x,-,p,o,s,t, ,r,/,t,o,d,a,y,i,l,e,a,r,n,e,d,)
h,t,t,p,s,:,/,/,e,n,.,w,i,k,i,p,e,d,i,a,.,o,r,g,/,w,i,k,i,/,R,o,d,n,e,y,_,A,l,c,a,l,a,.
h,t,t,p,s,:,/,/,e,n,.,w,i,k,i,p,e,d,i,a,.,o,r,g,/,w,i,k,i,/,A,n,d,y,_,M,i,l,o,n,a,k,i,s,h,t,t,p,:,/,/,n,e,t,-,w,o,r,t,h,s,.,n,e,t,/,w,p,-,c,o,n,t,e,n,t,/,u,p,l,o,a,d,s,/,2,0,1,4,/,0,7,/,a,n,d,y,-,m,i,l,o,n,a,k,i,s,-,n,e,t,-,w,o,r,t,h,.,j,p,g
h,t,t,p,s,:,/,/,e,n,.,w,i,k,i,p,e,d,i,a,.,o,r,g,/,w,i,k,i,/,F,.,_,A,b,r,a,h,a,m
h,t,t,p,s,:,/,/,e,n,.,m,.,w,i,k,i,p,e,d,i,a,.,o,r,g,/,w,i,k,i,/,F,l,a,g,_,d,e,s,e,c,r,a,t,i,o,n,_,v,i,a,_,D,u,c,k,D,u,c,k,G,o,_,f,o,r,_,A,n,d,r,o,i,d
h,t,t,p,s,:,/,/,e,n,.,w,i,k,i,p,e,d,i,a,.,o,r,g,/,w,i,k,i,/,T,i,m,e,_,d,i,l,a,t,i,o,n,?,Y,o,u,A,r,e,B,o,t,h,C,l,e,v,e,r,A,n,d,C,u,r,i,o,u,s,E,n,o,u,g,h,T,o,S,e,e,k,T,h,e,S,p,e,c,i,f,i,c,C,i,t,e,d,P,o,r,t,i,o,n,T,h,r,o,u,g,h,S,e,a,r,c,h,i,n,g,T,h,e,U,R,L,S,o,I,F,e,e,l,O,b,l,i,g,a,t,e,d,T,o,D,i,v,u,l,g,e,T,h,a,t,C,l,i,c,k,i,n,g,C,i,t,e,3,0,O,r,S,e,a,r,c,h,i,n,g,F,o,r,Q,u,o,t,e,L,i,f,e,t,i,m,e,E,n,d,q,u,o,t,e,I,n,T,h,e,A,r,t,i,c,k,r,W,i,l,l,D,i,r,e,c,t,Y,o,u,T,o,T,h,e,R,e,l,e,v,a,n,t,P,o,r,t,i,o,n,S,e,m,i,c,o,l,o,n,F,o,r,S,o,m,e,R,e,a,s,o,n,R,e,d,d,i,t,C,o,n,s,i,d,e,r,s,W,i,k,i,P,a,g,e,s,T,o,B,e,A,l,r,e,a,d,y,S,u,b,m,i,t,t,e,d,I,f,Y,o,u,U,s,e,T,h,e,Q,u,e,s,t,i,o,n,M,a,r,k,T,r,i,c,k,O,n,C,i,t,a,t,i,o,n,s
h,t,t,p,s,:,/,/,e,n,.,w,i,k,i,p,e,d,i,a,.,o,r,g,/,w,i,k,i,/,T,h,e,_,B,e,a,t,l,e,s,_,i,n,_,1,9,6,6,#,T,h,e,_,P,h,i,l,i,p,p,i,n,e,s,.,2,C,_,a,n,d,_,t,h,e,_,H,e,i,g,h,t,_,o,f,_,T,h,e,_,B,e,a,t,l,e,s,.,2,7,_,T,u,r,m,o,i,l
h,t,t,p,s,:,/,/,e,n,.,w,i,k,i,p,e,d,i,a,.,o,r,g,/,w,i,k,i,/,T,o,l,e,x,o
h,t,t,p,s,:,/,/,e,n,.,w,i,k,i,p,e,d,i,a,.,o,r,g,/,w,i,k,i,/,H,u,b,e,r,t,_,J,r,.
h,t,t,p,s,:,/,/,e,n,.,m,.,w,i,k,i,p,e,d,i,a,.,o,r,g,/,w,i,k,i,/,U,n,c,l,e,_,T,o,m,/
h,t,t,p,s,:,/,/,e,n,.,w,i,k,i,p,e,d,i,a,.,o,r,g,/,w,i,k,i,/,B,i,g,_,T,h,o,r,n,t,o,n
h,t,t,p,s,:,/,/,e,n,.,w,i,k,i,p,e,d,i,a,.,o,r,g,/,w,i,k,i,/,J,a,m,e,s,_,D,e,r,_,Z,e,e
h,t,t,p,s,:,/,/,e,n,.,w,i,k,i,p,e,d,i,a,.,o,r,g,/,w,i,k,i,/,Y,v,o,n,n,e,_,C,a,r,l,o
h,t,t,p,s,:,/,/,e,n,.,w,i,k,i,p,e,d,i,a,.,o,r,g,/,w,i,k,i,/,T,h,e,_,M,e,m,e,s,t,a,r,_,C,h,r,o,n,i,c,l,e,s
h,t,t,p,s,:,/,/,e,n,.,m,.,w,i,k,i,p,e,d,i,a,.,o,r,g,/,w,i,k,i,/,A,n,d,e,r,s,o,n,_,C,o,o,p,e,r,/
h,t,t,p,s,:,/,/,e,n,.,w,i,k,i,p,e,d,i,a,.,o,r,g,/,w,i,k,i,/,J,o,n,n,y,_,M,i,l,l,e,r
h,t,t,p,s,:,/,/,e,n,.,w,i,k,i,p,e,d,i,a,.,o,r,g,/,w,i,k,i,/,L,i,s,t,_,o,f,_,C,o,n,s,u,l,s,-,G,e,n,e,r,a,l,_,o,f,_,A,u,s,t,r,a,l,i,a,_,i,n,_,C,h,i,c,a,g,o
h,t,t,p,s,:,/,/,e,n,.,w,i,k,i,p,e,d,i,a,.,o,r,g,/,w,i,k,i,/,P,e,y,t,o,n,_,M,a,n,n,i,n,g,/
h,t,t,p,s,:,/,/,e,n,.,w,i,k,i,p,e,d,i,a,.,o,r,g,/,w,i,k,i,/,F,l,o,r,i,d,a,v
h,t,t,p,s,:,/,/,e,n,.,w,i,k,i,p,e,d,i,a,.,o,r,g,/,w,i,k,i,/,L,i,s,t,_,o,f,_,c,o,u,n,t,r,i,e,s,_,b,y,_,d,a,t,e,_,o,f,_,u,n,i,n,t,e,r,r,u,p,t,e,d,_,p,e,a,c,e,f,u,l,_,t,r,a,n,s,f,e,r,_,o,f,_,p,o,w,e,r
h,t,t,p,s,:,/,/,e,n,.,w,i,k,i,p,e,d,i,a,.,o,r,g,/,w,i,k,i,/,R,a,r,e,_,e,a,r,t,h,_,e,l,e,m,e,n,t,s,_,a,r,e,_,n,o,t,_,t,h,a,t,_,r,a,r,e
h,t,t,p,s,:,/,/,e,n,.,w,i,k,i,p,e,d,i,a,.,o,r,g,/,w,i,k,i,/,Z,e,r,o,-,p,o,i,n,t,_,e,n,e,r,g,y,V,a,c,u,u,m
h,t,t,p,s,:,/,/,e,n,.,w,i,k,i,p,e,d,i,a,.,o,r,g,/,w,i,k,i,/,J,.,C,.,L,.,_,d,e,_,S,i,s,m,o,n,d,i
h,t,t,p,s,:,/,/,e,n,.,w,i,k,i,p,e,d,i,a,.,o,r,g,/,w,i,k,i,/,2,0,1,6,_,N,o,r,t,h,_,C,a,r,o,l,i,n,a,_,c,o,u,p,_,d,%,2,7,%,C,3,%,A,9,t,a,t
h,t,t,p,s,:,/,/,e,n,.,w,i,k,i,p,e,d,i,a,.,o,r,g,/,w,i,k,i,/,2,0,1,6,_,N,o,r,t,h,_,C,a,r,o,l,i,n,a,_,c,o,u,p,_,d,%,2,7,%,C,3,%,A,9,t,a,t
h,t,t,p,s,:,/,/,e,n,.,w,i,k,i,p,e,d,i,a,.,o,r,g,/,w,i,k,i,/,N,e,v,e,r,_,G,o,n,n,a,_,G,i,v,e,_,Y,o,u,_,U,p,&,a,m,p,;,/
H,t,t,p,s,:,/,/,e,n,.,w,i,k,i,p,e,d,i,a,.,o,r,g,/,w,i,k,i,/,c,i,r,r,o,c,_,l,o,f,t,o,n
h,t,t,p,s,:,/,/,e,n,.,m,.,w,i,k,i,p,e,d,i,a,.,o,r,g,/,w,i,k,i,/,H,o,m,o,g,e,n,e,o,u,s,_,K,h,a,l,i,d,i,u,s
h,t,t,p,s,:,/,/,e,n,.,w,i,k,i,p,e,d,i,a,.,o,r,g,/,w,i,k,i,/,F,i,l,e,%,3,A,V,e,x,i,l,l,u,m,-,P,u,s,h,k,i,n,_,M,u,s,e,u,m,_,o,f,_,F,i,n,e,_,A,r,t,s,.,p,n,g
h,t,t,p,s,:,/,/,e,n,.,w,i,k,i,p,e,d,i,a,.,o,r,g,/,w,i,k,i,/,L,i,s,t,_,o,f,_,D,i,s,n,e,y,_,r,e,f,e,r,e,n,c,e,s,_,i,n,_,E,n,c,h,a,n,t,e,d,h,t,t,p,s,:,/,/,e,n,.,w,i,k,i,p,e,d,i,a,.,o,r,g,/,w,i,k,i,/,L,i,s,t,_,o,f,_,D,i,s,n,e,y,_,r,e,f,e,r,e,n,c,e,s,_,i,n,_,E,n,c,h,a,n,t,e,d
h,t,t,p,s,:,/,/,e,n,.,w,i,k,i,p,e,d,i,a,.,o,r,g,/,w,i,k,i,/,W,h,i,t,e,_,p,i,x,e,l,i,z,a,t,i,o,n
h,t,t,p,s,:,/,/,e,n,.,m,.,w,i,k,i,p,e,d,i,a,.,o,r,g,/,w,i,k,i,/,M,a,i,n,e,_,r,a,n,k,e,d,_,c,h,o,i,c,e,_,v,o,t,i,n,g,_,r,e,f,e,r,e,n,d,u,m,",",_,2,0,1,6
h,t,t,p,s,:,/,/,e,n,.,w,i,k,i,p,e,d,i,a,.,o,r,g,/,w,i,k,i,/,l,i,s,t,_,o,f,_,m,o,s,t,_,d,i,s,l,i,k,e,d,_,y,o,u,t,u,b,e,_,v,i,d,e,o,s
h,t,t,p,s,:,/,/,e,n,.,w,i,k,i,p,e,d,i,a,.,o,r,g,/,w,i,k,i,/,L,i,s,t,_,o,f,_,c,o,u,n,t,r,i,e,s,_,b,y,_,E,n,g,l,i,s,h,-,s,p,e,a,k,i,n,g,_,p,o,p,u,l,a,t,i,o,n,/
h,t,t,p,s,:,/,/,e,n,.,w,i,k,i,p,e,d,i,a,.,o,r,g,/,w,i,k,i,/,U,n,i,v,e,r,s,a,l,_,M,o,n,s,t,e,r,s,_,(,2,0,1,7,_,f,i,l,m,_,s,e,r,i,e,s,)
h,t,t,p,s,:,/,/,e,n,.,w,i,k,i,p,e,d,i,a,.,o,r,g,/,w,i,k,i,/,G,r,a,d,e,A,U,n,d,e,r,A
h,t,t,p,s,:,/,/,e,n,.,w,i,k,i,p,e,d,i,a,.,o,r,g,/,w,i,k,i,/,L,o,c,o,_,E,n,e,r,g,y,_,D,r,i,n,k
h,t,t,p,s,:,/,/,e,n,.,w,i,k,i,p,e,d,i,a,.,o,r,g,/,w,i,k,i,/,L,i,s,t,_,o,f,_,J,e,o,p,a,r,d,y,!,_,c,o,n,t,e,s,t,a,n,t,s,/
h,t,t,p,s,:,/,/,e,n,.,w,i,k,i,p,e,d,i,a,.,o,r,g,/,w,i,k,i,/,F,i,l,e,%,3,A,F,l,i,c,k,r,_,-,_,T,h,e,_,U,.,S,.,_,A,r,m,y,_,-,_,O,b,s,e,r,v,a,t,i,o,n,_,p,o,s,t,.,j,p,g
h,t,t,p,s,:,/,/,e,n,.,m,.,w,i,k,i,p,e,d,i,a,.,o,r,g,/,w,i,k,i,/,C,a,t,a,c,o,m,b,s,_,o,f,_,P,a,r,i,s,/
h,t,t,p,s,:,/,/,e,n,.,w,i,k,i,p,e,d,i,a,.,o,r,g,/,w,i,k,i,/,I,_,H,a,t,e,_,E,v,e,r,y,t,h,i,n,g,_,%,2,8,w,e,b,s,e,r,i,e,s,%,2,9
h,t,t,p,s,:,/,/,e,n,.,w,i,k,i,p,e,d,i,a,.,o,r,g,/,w,i,k,i,/,D,u,r,r,_,p,l,a,n,t
h,t,t,p,s,:,/,/,e,n,.,w,i,k,i,p,e,d,i,a,.,o,r,g,/,w,i,k,i,/,K,a,z,a,k,h,s,t,a,n,_,i,n,_,p,o,p,u,l,a,r,_,c,u,l,t,u,r,e
h,t,t,p,s,:,/,/,e,n,.,m,.,w,i,k,i,p,e,d,i,a,.,o,r,g,/,w,i,k,i,/,H,e,r,o,_,M,u,s,t,_,D,i,e,I,%,2,7,v,e
h,t,t,p,:,/,/,e,n,.,w,i,k,i,p,e,d,i,a,.,o,r,g,/,w,i,k,i,/,R,e,d,_,s,t,a,t,e,s,_,a,n,d,_,b,l,u,e,_,s,t,a,t,e,s,/,?
h,t,t,p,s,:,/,/,e,n,.,w,i,k,i,p,e,d,i,a,.,o,r,g,/,w,i,k,i,/,M,c,C,a,r,t,h,y,i,s,m,/
h,t,t,p,s,:,/,/,e,n,.,w,i,k,i,p,e,d,i,a,.,o,r,g,/,w,i,k,i,/,A,g,r,i,y,a
h,t,t,p,s,:,/,/,e,n,.,w,i,k,i,p,e,d,i,a,.,o,r,g,/,w,i,k,i,/,S,i,e,g,e,_,o,f,_,C,a,n,d,i,a,£
h,t,t,p,s,:,/,/,e,n,.,w,i,k,i,p,e,d,i,a,.,o,r,g,/,w,i,k,i,/,L,e,s,l,i,e,_,H,o,u,t,e,n
h,t,t,p,s,:,/,/,e,n,.,w,i,k,i,p,e,d,i,a,.,o,r,g,/,w,i,k,i,/,D,o,n,a,l,d,_,T,r,u,m,p,_,a,n,d,_,F,a,s,c,i,s,m
h,t,t,p,s,:,/,/,e,n,.,w,i,k,i,p,e,d,i,a,.,o,r,g,/,w,i,k,i,/,F,e,r,d,i,n,a,n,d,_,Z,v,o,n,i,m,i,r,_,v,o,n,_,H,a,b,s,b,u,r,g,/
h,t,t,p,s,:,/,/,e,n,.,w,i,k,i,p,e,d,i,a,.,o,r,g,/,w,i,k,i,/,L,a,_,J,a,c,k,s,o,n
h,t,t,p,s,:,/,/,e,n,.,w,i,k,i,p,e,d,i,a,.,o,r,g,/,w,i,k,i,/,C,a,t,e,g,o,r,y,:,A,s,t,e,r,o,i,d,s,_,n,a,m,e,d,_,f,o,r,_,m,e,m,b,e,r,s,_,o,f,_,M,o,n,t,y,_,P,y,t,h,o,n
h,t,t,p,s,:,/,/,e,n,.,w,i,k,i,p,e,d,i,a,.,o,r,g,/,w,i,k,i,/,A,m,e,r,i,c,a,n,_,H,o,u,s,i,n,g,_,I,n,c,o,m,e,_,T,r,u,s,t
h,t,t,p,s,:,/,/,e,n,.,m,.,w,i,k,i,p,e,d,i,a,.,o,r,g,/,w,i,k,i,/,B,a,t,t,l,e,h,t,t,p,:,/,/,w,w,w,.,a,m,e,r,i,c,a,n,h,e,r,i,t,a,g,e,.,c,o,m,/,c,o,n,t,e,n,t,/,b,a,t,t,l,e,-,a,t,h,e,n,s,_,o,f,_,A,t,h,e,n,s,_,(,1,9,4,6,)
h,t,t,p,s,:,/,/,e,n,.,w,i,k,i,p,e,d,i,a,.,o,r,g,/,w,i,k,i,/,P,e,t,e,r,_,W,o,o,d,c,o,c,k,/
h,t,t,p,s,:,/,/,w,e,b,.,a,r,c,h,i,v,e,.,o,r,g,/,w,e,b,/,h,t,t,p,s,:,/,/,e,n,.,w,i,k,i,p,e,d,i,a,.,o,r,g,/,w,i,k,i,/,A,k,i,f,_,P,i,r,i,n,ç,c,i
h,t,t,p,s,:,/,/,e,n,.,w,i,k,i,p,e,d,i,a,.,o,r,g,/,w,i,k,i,/,J,u,a,n,_,d,e,l,_,P,o,t,r,o
h,t,t,p,s,:,/,/,e,n,.,w,i,k,i,p,e,d,i,a,.,o,r,g,/,w,i,k,i,/,A,y,y,_,l,m,a,o
h,t,t,p,s,:,/,/,e,n,.,w,i,k,i,p,e,d,i,a,.,o,r,g,/,w,i,k,i,/,V,o,y,l,l,a
h,t,t,p,:,/,/,g,i,z,o,o,g,l,e,.,n,e,t,/,x,f,e,r,.,p,h,p,?,l,i,n,k,=,h,t,t,p,s,:,/,/,e,n,.,w,i,k,i,p,e,d,i,a,.,o,r,g,/,w,i,k,i,/,J,o,J,o,%,2,7,s,_,B,i,z,a,r,r,e,_,A,d,v,e,n,t,u,r,e,&,a,m,p,;,s,a,=,U,&,a,m,p,;,v,e,d,=,0,a,h,U,K,E,w,j,E,2,_,a,j,6,M,j,Q,A,h,W,h,A,M,A,K,H,Q,y,r,D,K,U,Q,F,g,g,U,M,A,A,&,a,m,p,;,u,s,g,=,A,F,Q,j,C,N,H,e,u,O,x,9,F,W,m,G,3,Y,P,A,-,h,e,-,0,i,W,F,_,S,H,U,c,w,#,P,l,o,t
h,t,t,p,s,:,/,/,e,n,.,w,i,k,i,p,e,d,i,a,.,o,r,g,/,w,i,k,i,/,L,e,e,_,Y,e,w
h,t,t,p,s,:,/,/,e,n,.,w,i,k,i,p,e,d,i,a,.,o,r,g,/,w,i,k,i,/,B,r,o,4,u
h,t,t,p,s,:,/,/,w,e,b,c,a,c,h,e,.,g,o,o,g,l,e,u,s,e,r,c,o,n,t,e,n,t,.,c,o,m,/,s,e,a,r,c,h,?,q,=,c,a,c,h,e,:,1,5,4,I,J,d,B,x,E,b,g,J,:,h,t,t,p,s,:,/,/,e,n,.,w,i,k,i,p,e,d,i,a,.,o,r,g,/,w,i,k,i,/,M,i,c,h,a,e,l,_,M,a,l,l,o,y,+,&,a,m,p,;,c,d,=,1,&,a,m,p,;,h,l,=,e,n,&,a,m,p,;,c,t,=,c,l,n,k,&,a,m,p,;,g,l,=,a,u
h,t,t,p,s,:,/,/,e,n,.,m,.,w,i,k,i,p,e,d,i,a,.,o,r,g,/,w,i,k,i,/,1,1,-,H,y,d,r,o,x,y,-,T
h,t,t,p,s,:,/,/,e,n,.,w,i,k,i,p,e,d,i,a,.,o,r,g,/,w,i,k,i,/,P,i,r,a,t,e,_,P,a,r,t,y,F,i,r,s,t
h,t,t,p,s,:,/,/,e,n,.,w,i,k,i,p,e,d,i,a,.,o,r,g,/,w,i,k,i,/,L,i,s,a,_,E,y,e,"""",_,L,o,p,e,s
h,t,t,p,s,:,/,/,e,n,.,m,.,w,i,k,i,p,e,d,i,a,.,o,r,g,/,w,i,k,i,/,L,i,s,t,_,o,f,_,m,o,s,t,_,e,x,p,e,n,s,i,v,e,_,s,c,h,o,o,l,s
h,t,t,p,s,:,/,/,e,n,.,w,i,k,i,p,e,d,i,a,.,o,r,g,/,w,i,k,i,/,T,e,d,_,C,r,u,z,_,e,x,t,r,a,m,a,r,i,t,a,l,_,a,f,f,a,i,r,s,_,a,l,l,e,g,a,t,i,o,n
h,t,t,p,s,:,/,/,e,n,.,m,.,w,i,k,i,p,e,d,i,a,.,o,r,g,/,w,i,k,i,/,E,r,i,c,_,C,l,a,p,t,o,n,/
h,t,t,p,s,:,/,/,e,n,.,w,i,k,i,p,e,d,i,a,.,o,r,g,/,w,i,k,i,/,J,u,l,i,a,n,_,p,e,n,c,i,l,l,i,a,h
h,t,t,p,s,:,/,/,e,n,.,w,i,k,i,p,e,d,i,a,.,o,r,g,/,w,i,k,i,/,G,e,o,r,g,e,_,M,e,s,t,r,a,l
h,t,t,p,s,:,/,/,e,n,.,w,i,k,i,p,e,d,i,a,.,o,r,g,/,w,i,k,i,/,I,n,t,e,r,p,l,a,n,e,t,a,r,y,_,I,n,t,e,r,n,e,t,I,m,a,g,i,n,e
h,t,t,p,s,:,/,/,e,n,.,m,.,w,i,k,i,p,e,d,i,a,.,o,r,g,/,w,i,k,i,/,S,e,a,_,o,t,t,e,r, ,h,t,t,p,:,/,/,w,w,w,.,n,e,w,w,o,r,l,d,e,n,c,y,c,l,o,p,e,d,i,a,.,o,r,g,/,e,n,t,r,y,/,H,a,i,r
h,t,t,p,s,:,/,/,e,n,.,w,i,k,i,p,e,d,i,a,.,o,r,g,/,w,i,k,i,/,S,u,p,e,r,_,t,u,e,s,t,d,a,y
h,t,t,p,s,:,/,/,e,n,.,w,i,k,i,p,e,d,i,a,.,o,r,g,/,w,i,k,i,/,S,t,.,_,B,e,c,k,e,t
h,t,t,p,s,:,/,/,e,n,.,w,i,k,i,p,e,d,i,a,.,o,r,g,/,w,i,k,i,/,W,e,i,r,d,_,Y,a,n,k,o,v,i,c
h,t,t,p,s,:,/,/,e,n,.,m,.,w,i,k,i,p,e,d,i,a,.,o,r,g,/,w,i,k,i,/,H,o,m,o,g,e,n,e,o,u,s,_,K,h,a,l,i,d,i,u,s
h,t,t,p,s,:,/,/,e,n,.,w,i,k,i,p,e,d,i,a,.,o,r,g,/,w,i,k,i,/,D,a,r,k,_,m,e,t,a,l
h,t,t,p,s,:,/,/,e,n,.,w,i,k,i,p,e,d,i,a,.,o,r,g,/,w,i,k,i,/,D,i,a,b,e,t,a,c,a,r,e
h,t,t,p,s,:,/,/,e,n,.,w,i,k,i,p,e,d,i,a,.,o,r,g,/,w,i,k,i,/,S,u,p,e,r,s,o,n,i,c,_,L,o,w,_,A,l,t,i,t,u,d,e,_,M,i,s,s,i,l,e,/,/
h,t,t,p,s,:,/,/,e,n,.,w,i,k,i,p,e,d,i,a,.,o,r,g,/,w,i,k,i,/,C,o,n,t,a,i,n,e,r,_,d,e,p,o,s,i,t,_,l,e,g,i,s,l,a,t,i,o,n,_,i,n,_,t,h,e,_,U,n,i,t,e,d,_,S,t,a,t,e,s,/,/
h,t,t,p,s,:,/,/,e,n,.,w,i,k,i,p,e,d,i,a,.,o,r,g,/,w,i,k,i,/,W,i,k,i,p,e,d,i,a,:,R,e,f,o,r,m,_,o,f,_,W,i,k,i,p,e,d,i,a
h,t,t,p,s,:,/,/,e,n,.,w,i,k,i,p,e,d,i,a,.,o,r,g,/,w,i,k,i,/,P,i,g,_,B,e,a,c,h,/
h,t,t,p,s,:,/,/,e,n,.,w,i,k,i,p,e,d,i,a,.,o,r,g,/,w,i,k,i,/,L,i,s,t,_,o,f,_,s,u,i,c,i,d,e,_,c,r,i,s,i,s,_,l,i,n,e,s,\
h,t,t,p,s,:,/,/,e,n,.,w,i,k,i,p,e,d,i,a,.,o,r,g,/,w,i,k,i,/,T,e,d,_,C,r,u,z,s
h,t,t,p,s,:,/,/,w,i,k,i,p,e,d,i,a,.,o,r,g,/,w,i,k,i,/,L,i,s,t,_,o,f,_,U,E,F,A,_,E,u,r,o,p,e,a,n,_,F,o,o,t,b,a,l,l,_,C,h,a,m,p,i,o,n,s,?,w,p,r,o,v,=,s,f,l,a,1
h,t,t,p,s,:,/,/,e,n,.,w,i,k,i,p,e,d,i,a,.,o,r,g,/,w,i,k,i,/,E,d,w,a,r,d,_,A,.,_,C,a,r,t,e,r,_,J,r
h,t,t,p,s,:,/,/,e,n,.,w,i,k,i,p,e,d,i,a,.,o,r,g,/,w,i,k,i,/,F,i,l,e,%,3,A,F,u,r,t,h,e,r,_,%,2,8,o,r,i,g,i,n,a,l,_,b,u,s,%,2,9,.,j,p,g
h,t,t,p,s,:,/,/,e,n,.,w,i,k,i,p,e,d,i,a,.,o,r,g,/,w,i,k,i,/,C,h,a,r,l,e,s,_,o,f,_,S,p,a,i,n
h,t,t,p,s,:,/,/,e,n,.,w,i,k,i,p,e,d,i,a,.,o,r,g,/,w,i,k,i,/,F,i,o,r,e,l,l,o,_,G,u,a,r,d,i,a
h,t,t,p,s,:,/,/,e,n,.,w,i,k,i,p,e,d,i,a,.,o,r,g,/,w,i,k,i,/,D,i,e,u,m,e,r,c,i,_,M,b,o,k,a,n,i,/,i,n,t,e,r,n,a,t,i,o,n,a,l,_,c,a,r,e,e,r
h,t,t,p,s,:,/,/,e,n,.,w,i,k,i,p,e,d,i,a,.,o,r,g,/,w,i,k,i,/,A,u,t,o,f,e,l,a,c,i,o
h,t,t,p,s,:,/,/,e,n,.,w,i,k,i,p,e,d,i,a,.,o,r,g,/,w,i,k,i,/,L,e,u,k,o,p,h,o,b,i,a
h,t,t,p,s,:,/,/,e,n,.,w,i,k,i,p,e,d,i,a,.,o,r,g,/,w,i,k,i,/,R,e,t,a,i,l,_,S,o,l,u,t,i,o,n,s,_,A,d,v,i,s,o,r,s
h,t,t,p,s,:,/,/,e,n,.,w,i,k,i,p,e,d,i,a,.,o,r,g,/,w,i,k,i,/,S,t,e,v,e,_,B,u,s,c,e,m,i,;,E,a,r,l,y,_,l,i,f,e
h,t,t,p,s,:,/,/,e,n,.,w,i,k,i,p,e,d,i,a,.,o,r,g,/,w,i,k,i,/,F,i,c,t,i,t,i,o,u,s,_,e,n,t,r,y,/
h,t,t,p,s,:,/,/,e,n,.,w,i,k,i,p,e,d,i,a,.,o,r,g,/,w,i,k,i,/,P,i,r,a,t,e,_,P,a,r,t,y,F,i,r,s,t
h,t,t,p,s,:,/,/,e,n,.,w,i,k,i,p,e,d,i,a,.,o,r,g,/,w,i,k,i,/,D,e,i,s,i,s,i,f,i,c,a,t,i,o,n
h,t,t,p,s,:,/,/,e,n,.,w,i,k,i,p,e,d,i,a,.,o,r,g,/,w,i,k,i,/,D,a,y,r,o,n,_,A,r,i,a,s
h,t,t,p,s,:,/,/,e,n,.,w,i,k,i,p,e,d,i,a,.,o,r,g,/,w,i,k,i,/,P,h,a,n,t,o,m,l,0,r,d,#,H,i,s,t,o,r,y
h,t,t,p,s,:,/,/,e,n,.,w,i,k,i,p,e,d,i,a,.,o,r,g,/,w,i,k,i,/,C,h,a,r,l,e,m,a,g,n,e,:,_,B,y,_,t,h,e,_,S,w,o,r,d,_,a,n,d,_,t,h,e,_,C,r,o,s,s,/
h,t,t,p,s,:,/,/,e,n,.,w,i,k,i,p,e,d,i,a,.,o,r,g,/,w,i,k,i,/,R,o,b,i,n,_,P,e,r,s,i,e
h,t,t,p,s,:,/,/,e,n,.,w,i,k,i,p,e,d,i,a,.,o,r,g,/,w,i,k,i,/,J,e,a,n,_,D,o,m,i,n,i,q,u,e,_,I,n,g,r,e,s
h,t,t,p,s,:,/,/,e,n,.,w,i,k,i,p,e,d,i,a,.,o,r,g,/,w,i,k,i,/,D,a,v,i,d,_,W,i,l,c,o,c,k
h,t,t,p,s,:,/,/,e,n,.,w,i,k,i,p,e,d,i,a,.,o,r,g,/,w,i,k,i,/,D,i,o,g,o,_,A,l,v,e,s
h,t,t,p,s,:,/,/,e,n,.,w,i,k,i,p,e,d,i,a,.,o,r,g,/,w,i,k,i,/,B,a,t,m,a,n,_,(,u,n,i,t,/,)
h,t,t,p,s,:,/,/,e,n,.,w,i,k,i,p,e,d,i,a,.,o,r,g,/,w,i,k,i,/,O,r,i,g,i,n,_,o,f
h,t,t,p,s,:,/,/,e,n,.,w,i,k,i,p,e,d,i,a,.,o,r,g,/,w,i,k,i,/,A,n,n,e,_,C,l,e,v,e,s
h,t,t,p,s,:,/,/,e,n,.,w,i,k,i,p,e,d,i,a,.,o,r,g,/,w,i,k,i,/,M,c,C,a,r,t,h,y,i,s,m,/
h,t,t,p,s,:,/,/,e,n,.,w,i,k,i,p,e,d,i,a,.,o,r,g,/,w,i,k,i,/,7,t,h,_,F,l,o,o,r,_,G,r,o,u,p
h,t,t,p,s,:,/,/,e,n,.,w,i,k,i,p,e,d,i,a,.,o,r,g,/,w,i,k,i,/,S,o,r,_,I,n,é,s,_,d,e,_,l,a,_,C,r,u,z
h,t,t,p,s,:,/,/,e,n,.,w,i,k,i,p,e,d,i,a,.,o,r,g,/,w,i,k,i,/,J,a,c,q,u,e,s,_,C,é,s,a,r,_,C,h,a,r,l,e,s
h,t,t,p,s,:,/,/,e,n,.,w,i,k,i,p,e,d,i,a,.,o,r,g,/,w,i,k,i,/,B,i,l,l,y,_,K,i,d
h,t,t,p,s,:,/,/,e,n,.,m,.,w,i,k,i,p,e,d,i,a,.,o,r,g,/,w,i,k,i,/,Z,I,P,_,C,o,d,e,/
h,t,t,p,s,:,/,/,e,n,.,w,i,k,i,p,e,d,i,a,.,o,r,g,/,w,i,k,i,/,D,i,c,k,_,P,a,t,t,e,n
h,t,t,p,s,:,/,/,e,n,.,w,i,k,i,p,e,d,i,a,.,o,r,g,/,w,i,k,i,/,D,i,s,a,p,p,e,a,r,a,n,c,e,_,o,f,_,T,e,r,r,a,n,c,e,_,W,i,l,l,i,a,m,s,_,a,n,d,_,F,e,l,i,p,e,_,S,a,n,t,o,s,d
h,t,t,p,s,:,/,/,e,n,.,w,i,k,i,p,e,d,i,a,.,o,r,g,/,w,i,k,i,/,E,l,i,z,a,b,e,t,h,_,R,u,s,s,i,a
h,t,t,p,s,:,/,/,e,n,.,w,i,k,i,p,e,d,i,a,.,o,r,g,/,w,i,k,i,/,H,i,p,p,o,p,o,t,a,m,u,s,/
h,t,t,p,s,:,/,/,e,n,.,w,i,k,i,p,e,d,i,a,.,o,r,g,/,w,i,k,i,/,U,s,e,r,:,P,a,y,x,m,o,n,l,i,n,e,r,e,c,h,a,r,g,e
h,t,t,p,s,:,/,/,e,n,.,w,i,k,i,p,e,d,i,a,.,o,r,g,/,w,i,k,i,/,F,i,l,e,%,3,A,F,A,-,1,8,_,g,o,i,n,g,_,t,r,a,n,s,o,n,i,c,.,J,P,G
h,t,t,p,s,:,/,/,e,n,.,m,.,w,i,k,i,p,e,d,i,a,.,o,r,g,/,w,i,k,i,/,C,l,a,i,r,e,_,K,i,t,t,r,e,l,l
h,t,t,p,s,:,/,/,e,n,.,w,i,k,i,p,e,d,i,a,.,o,r,g,/,w,i,k,i,/,R,a,n,i,e,r,_,P,r,i,n,c,e,_,o,f,_,M,o,n,a,c,o
h,t,t,p,s,:,/,/,e,n,.,w,i,k,i,p,e,d,i,a,.,o,r,g,/,w,i,k,i,/,C,u,l,t,u,r,e,_,M,a,c,h,i,n,e,_,M,e,d,i,a,_,P,v,t,_,L,t,d
h,t,t,p,s,:,/,/,e,n,.,w,i,k,i,p,e,d,i,a,.,o,r,g,/,w,i,k,i,/,T,h,i,s,_,y,e,a,r
h,t,t,p,s,:,/,/,e,n,.,w,i,k,i,p,e,d,i,a,.,o,r,g,/,w,i,k,i,/,W,.,_,D,e,m,i,n,g
h,t,t,p,s,:,/,/,e,n,.,w,i,k,i,p,e,d,i,a,.,o,r,g,/,w,i,k,i,/,L,i,s,t,_,o,f,_,s,e,t,s,_,o,f,_,f,o,u,r,_,c,o,u,n,t,r,i,e,s,_,t,h,a,t,_,b,o,r,d,e,r,_,o,n,e,_,a,n,o,t,h,e,r
h,t,t,p,s,:,/,/,e,n,.,m,.,w,i,k,i,p,e,d,i,a,.,o,r,g,/,w,i,k,i,/,D,i,o,g,e,n,e,s,_,o,f,_,S,i,n,o,p,e,e
h,t,t,p,s,:,/,/,e,n,.,w,i,k,i,p,e,d,i,a,.,o,r,g,/,w,i,k,i,/,H,e,l,g,a,_,E,s,t,b
h,t,t,p,s,:,/,/,e,n,.,w,i,k,i,p,e,d,i,a,.,o,r,g,/,w,i,k,i,/,C,o,C,o,m,/
h,t,t,p,s,:,/,/,e,n,.,w,i,k,i,p,e,d,i,a,.,o,r,g,/,w,i,k,i,/,P,l,a,y,S,t,a,t,i,o,n,_,3,_,c,l,u,s,t,e,r,h,t,t,p,:,/,/,w,w,w,.,i,f,l,s,c,i,e,n,c,e,.,c,o,m,/,t,e,c,h,n,o,l,o,g,y,/,s,c,i,e,n,t,i,s,t,s,-,b,u,i,l,d,s,-,s,u,p,e,r,c,o,m,p,u,t,e,r,-,p,l,a,y,s,t,a,t,i,o,n,s,-,s,t,u,d,y,-,b,l,a,c,k,-,h,o,l,e,s
h,t,t,p,s,:,/,/,e,n,.,w,i,k,i,p,e,d,i,a,.,o,r,g,/,w,i,k,i,/,C,h,a,r,l,e,s,_,B,o,n,a,p,a,r,t,e,_,(,A,t,t,o,r,n,e,y,_,G,e,n,e,r,a,l
h,t,t,p,s,:,/,/,e,n,.,w,i,k,i,p,e,d,i,a,.,o,r,g,/,w,i,k,i,/,B,a,r,t,_,t,o,_,t,h,e,_,F,u,t,u,r,e,h,t,t,p,:,/,/,w,w,w,.,h,o,l,l,y,w,o,o,d,r,e,p,o,r,t,e,r,.,c,o,m,/,l,i,v,e,-,f,e,e,d,/,s,i,m,p,s,o,n,s,-,w,r,i,t,e,r,-,w,h,o,-,p,r,e,d,i,c,t,e,d,-,t,r,u,m,p,-,8,7,6,2,9,5
h,t,t,p,s,:,/,/,e,n,.,w,i,k,i,p,e,d,i,a,.,o,r,g,/,w,i,k,i,/,Z,e,r,o,-,p,o,i,n,t,_,e,n,e,r,g,y,V,a,c,u,u,m
h,t,t,p,s,:,/,/,e,n,.,m,.,w,i,k,i,p,e,d,i,a,.,o,r,g,/,w,i,k,i,/,P,u,n,a,n,i
h,t,t,p,s,:,/,/,e,n,.,w,i,k,i,p,e,d,i,a,.,o,r,g,/,w,i,k,i,/,M,i,V,o,t,e
h,t,t,p,s,:,/,/,e,n,.,w,i,k,i,p,e,d,i,a,.,o,r,g,/,w,i,k,i,/,W,i,k,i,p,e,d,i,a,:,R,e,f,o,r,m,_,o,f,_,W,i,k,i,p,e,d,i,a
h,t,t,p,s,:,/,/,e,n,.,w,i,k,i,p,e,d,i,a,.,o,r,g,/,w,i,k,i,/,B,y,r,o,n,_,L,a,_,B,e,c,k,w,i,t,h
h,t,t,p,s,:,/,/,e,n,.,w,i,k,i,p,e,d,i,a,.,o,r,g,/,w,i,k,i,/,I,_,H,a,t,e,_,E,v,e,r,y,t,h,i,n,g,_,%,2,8,Y,o,u,T,u,b,e,_,c,h,a,n,n,e,l,%,2,9
h,t,t,p,s,:,/,/,e,n,.,w,i,k,i,p,e,d,i,a,.,o,r,g,/,w,i,k,i,/,S,h,a,d,o,w,g,a,t,e,+,6,4,%,3,A,_,T,r,i,a,l,s,_,o,f,_,t,h,e,_,F,o,u,r,_,T,o,w,e,r,s
h,t,t,p,s,:,/,/,e,n,.,m,.,w,i,k,i,p,e,d,i,a,.,o,r,g,/,w,i,k,i,/,F,P,S,R,u,s,s,i,a,&,a,m,p,;,v,e,d,=,0,a,h,U,K,E,w,i,x,k,Y,r,r,o,d,f,M,A,h,W,B,O,S,Y,K,H,V,y,a,A,D,k,Q,F,g,h,B,M,A,k,&,a,m,p,;,u,s,g,=,A,F,Q,j,C,N,G,y,i,4,9,B,-,6,q,i,s,v,9,M,m,f,T,5,S,p,N,1,I,w,l,b,e,w,&,a,m,p,;,s,i,g,2,=,e,J,W,Q,J,N,V,j,i,u,L,G,l,D,s,Z,f,F,Y,H,E,w
h,t,t,p,s,:,/,/,e,n,.,w,i,k,i,p,e,d,i,a,.,o,r,g,/,w,i,k,i,/,F,i,l,e,%,3,A,F,u,r,t,h,e,r,_,%,2,8,o,r,i,g,i,n,a,l,_,b,u,s,%,2,9,.,j,p,g
h,t,t,p,s,:,/,/,e,n,.,w,i,k,i,p,e,d,i,a,.,o,r,g,/,w,i,k,i,/,B,o,m,b,e,r,m,a,n,_,6,4,_,(,2,0,0,1,_,v,i,d,e,o,_,g,a,m,e
h,t,t,p,:,/,/,e,n,.,w,i,k,i,p,e,d,i,a,.,o,r,g,/,w,i,k,i,/,T,h,e,_,C,h,a,s,e,_,(,S,t,a,r,_,T,r,e,k,:,_,T,h,e,_,N,e,x,t,_,G,e,n,e,r,a,t,i,o,n
h,t,t,p,s,:,/,/,w,w,w,.,w,i,k,i,p,e,d,i,a,.,o,r,g,/,w,i,k,i,/,H,o,r,a,c,e,_,G,r,e,a,s,l,e,y, ,h,t,t,p,:,/,/,w,w,w,.,n,e,w,y,o,r,k,s,o,c,i,a,l,d,i,a,r,y,.,c,o,m,/,s,o,c,i,a,l,-,d,i,a,r,y,/,2,0,1,0,/,t,h,e,-,s,t,o,r,y,-,o,f,-,h,o,r,a,c,e,-,k,n,o,w,n,-,a,s,-,j,i,m,-,a,n,d,-,r,o,s,a, ,h,t,t,p,:,/,/,w,w,w,.,m,i,r,r,o,r,.,c,o,.,u,k,/,n,e,w,s,/,r,e,a,l,-,l,i,f,e,-,s,t,o,r,i,e,s,/,h,o,r,a,c,e,-,g,r,e,a,s,l,e,y,-,b,r,i,t,i,s,h,-,p,r,i,s,o,n,e,r,-,o,f,-,w,a,r,-,1,3,9,3,4,5,3
h,t,t,p,s,:,/,/,e,n,.,w,i,k,i,p,e,d,i,a,.,o,r,g,/,w,i,k,i,/,O,l,i,v,i,a,_,H,a,v,i,l,l,a,n,d
h,t,t,p,s,:,/,/,e,n,.,m,.,w,i,k,i,p,e,d,i,a,.,o,r,g,/,w,i,k,i,/,S,a,l,i,m,_,A,l,i, ,-, ,v,i,a, ,h,t,t,p,:,/,/,e,v,e,r,y,w,i,k,i,.,c,o,m
h,t,t,p,s,:,/,/,e,n,.,w,i,k,i,p,e,d,i,a,.,o,r,g,/,w,i,k,i,/,S,t,a,n,i,s,l,a,v,_,P,e,t,r,o,v,/
h,t,t,p,s,:,/,/,e,n,.,w,i,k,i,p,e,d,i,a,.,o,r,g,/,w,i,k,i,/,U,s,e,r,:,S,q,u,i,r,r,e,l,.,b,d,/,s,a,n,d,b,o,x,#,7,_,F,a,i,l,e,d,_,G,o,o,g,l,e,.,2,7,s,_,P,r,o,d,u,c,t
h,t,t,p,s,:,/,/,e,n,.,m,.,w,i,k,i,p,e,d,i,a,.,o,r,g,/,w,i,k,i,/,J,a,m,e,s,_,B,e,d,f,e,l,l,o,w,s
h,t,t,p,s,:,/,/,e,n,.,w,i,k,i,p,e,d,i,a,.,o,r,g,/,w,i,k,i,/,H,u,s,s,e,i,n,_,T,a,l,a,l
h,t,t,p,s,:,/,/,e,n,.,w,i,k,i,p,e,d,i,a,.,o,r,g,/,w,i,k,i,/,B,i,k,e,l,i,f,e
h,t,t,p,s,:,/,/,e,n,.,m,.,w,i,k,i,p,e,d,i,a,.,o,r,g,/,w,i,k,i,/,U,n,t,i,t,l,e,d,_,t,e,n,t,h,_,M,e,t,a,l,l,i,c,a,_,s,t,u,d,i,o,_,a,l,b,u,m
h,t,t,p,s,:,/,/,e,n,.,w,i,k,i,p,e,d,i,a,.,o,r,g,/,w,i,k,i,/,T,P,-,8,2,/
h,t,t,p,s,:,/,/,e,n,.,w,i,k,i,p,e,d,i,a,.,o,r,g,/,w,i,k,i,/,E,a,s,t,e,r,_,B,…
h,t,t,p,s,:,/,/,e,n,.,w,i,k,i,p,e,d,i,a,.,o,r,g,/,w,i,k,i,/,J,e,a,n,-,L,u,c,_,P,i,c,a,r,d, ,h,t,t,p,:,/,/,w,w,w,.,h,u,f,f,i,n,g,t,o,n,p,o,s,t,.,c,o,m,/,e,n,t,r,y,/,s,o,l,a,r,-,i,m,p,u,l,s,e,-,2,-,a,r,o,u,n,d,-,t,h,e,-,w,o,r,l,d,-,f,l,i,g,h,t,_,u,s,_,5,7,9,6,a,c,a,1,e,4,b,0,1,1,8,0,b,5,3,0,0,6,5,b,?,i,r,=,W,o,r,l,d,&,a,m,p,;,s,e,c,t,i,o,n,=,u,s,_,w,o,r,l,d,&,a,m,p,;,u,t,m,_,h,p,_,r,e,f,=,w,o,r,l,d
h,t,t,p,s,:,/,/,e,n,.,w,i,k,i,p,e,d,i,a,.,o,r,g,/,w,i,k,i,/,T,h,e,_,D,o,o,r,s,h,t,t,p,:,/,/,e,n,.,w,i,k,i,p,e,d,i,a,.,o,r,g,/,w,i,k,i,/,T,h,e,_,D,o,o,r,s,#,N,e,w,_,H,a,v,e,n,_,i,n,c,i,d,e,n,t
h,t,t,p,s,:,/,/,e,n,.,w,i,k,i,p,e,d,i,a,.,o,r,g,/,w,i,k,i,/,A,k,b,a,r,_,G,r,e,a,t
h,t,t,p,s,:,/,/,e,n,.,w,i,k,i,p,e,d,i,a,.,o,r,g,/,w,i,k,i,/,J,o,h,n,_,L,a,s,s,e,t,e,r,h,t,t,p,s,:,/,/,e,n,.,w,i,k,i,p,e,d,i,a,.,o,r,g,/,w,i,k,i,/,J,o,h,n,_,L,a,s,s,e,t,e,r,#,F,i,r,s,t,_,y,e,a,r,s,_,a,t,_,D,i,s,n,e,y
h,t,t,p,s,:,/,/,e,n,.,w,i,k,i,p,e,d,i,a,.,o,r,g,/,w,i,k,i,/,L,i,s,t,_,o,f,_,P,o,k,e,m,o,n,_,G,o,_,R,e,l,a,t,e,d,_,D,e,a,t,h,s
h,t,t,p,:,/,/,e,n,.,w,i,k,i,p,e,d,i,a,.,o,r,g,/,w,i,k,i,/,B,u,r,n,i,n,g,_,M,o,u,n,t,a,i,n,/
h,t,t,p,s,:,/,/,e,n,.,w,i,k,i,p,e,d,i,a,.,o,r,g,/,w,i,k,i,/,S,h,e,i,k,h,_,b,i,n,_,R,a,s,h,i,d,_,A,l,_,M,a,k,t,o,u,m
h,t,t,p,s,:,/,/,e,n,.,w,i,k,i,p,e,d,i,a,.,o,r,g,/,w,i,k,i,/,A,m,e,r,i,c,a,n,s,_,A,g,a,i,n,s,t,_,I,n,s,e,c,u,r,e,_,B,i,l,l,i,o,n,a,i,r,e,s,_,w,i,t,h,_,T,i,n,y,_,H,a,n,d,s
h,t,t,p,s,:,/,/,e,n,.,w,i,k,i,p,e,d,i,a,.,o,r,g,/,w,i,k,i,/,U,s,e,r,_,t,a,l,k,:,J,l,b,e,c,k,k,#,Q,.,u,.,i,.,c,.,k,.,b,.,o,.,o,.,k,.,s,_,s,.,u,.,p,.,p,.,o,.,r,.,t,_,p,.,h,.,o,.,n,.,e,_,n,.,u,.,m,.,b,.,e,.,r,_,.,2,8,.,2,8,.,2,8,1,.,8,.,4,.,4,.,8,.,1,.,8,.,9,.,7,.,0,.,5,.,2,9,.,2,9,.,2,9,.,2,9,_,Q,.,u,.,i,.,c,.,k,.,b,.,o,.,o,.,k,.,s,_,c,.,u,.,s,.,t,.,o,.,m,.,e,.,r,_,S,.,u,.,p,.,p,.,o,.,r,.,t,_,p,.,h,.,o,.,n,.,e,_,n,.,u,.,m,.,b,.,e,.,r
h,t,t,p,s,:,/,/,e,n,.,w,i,k,i,p,e,d,i,a,.,o,r,g,/,w,i,k,i,/,T,e,m,p,l,a,t,e,:,R,e,l,a,t,e,d,_,r,e,c,i,p,i,e,n,t,s,_,o,f,_,t,h,e,_,K,n,i,g,h,t,%,2,7,s,_,C,r,o,s,s
h,t,t,p,s,:,/,/,e,n,.,w,i,k,i,p,e,d,i,a,.,o,r,g,/,w,i,k,i,/,D,e,s,i,g,n,a,t,e,d,_,s,u,r,v,i,v,o,r,I,n, ,t,h,e, ,U,n,i,t,e,d, ,S,t,a,t,e,s,",", ,a, ,d,e,s,i,g,n,a,t,e,d, ,s,u,r,v,i,v,o,r, ,(,o,r, ,d,e,s,i,g,n,a,t,e,d, ,s,u,c,c,e,s,s,o,r,), ,i,s, ,a,n, ,i,n,d,i,v,i,d,u,a,l, ,i,n, ,t,h,e, ,p,r,e,s,i,d,e,n,t,i,a,l, ,l,i,n,e, ,o,f, ,s,u,c,c,e,s,s,i,o,n
h,t,t,p,s,:,/,/,e,n,.,m,.,w,i,k,i,p,e,d,i,a,.,o,r,g,/,w,i,k,i,/,T,h,e,_,W,a,r,_,o,f,_,t,h,e,_,W,o,r,l,d,s,_,(,r,a,d,i,o,_,d,r,a,m,a
h,t,t,p,s,:,/,/,e,n,.,w,i,k,i,p,e,d,i,a,.,o,r,g,/,w,i,k,i,/,M,a,r,y,_,T,e,c,k
h,t,t,p,s,:,/,/,e,n,.,m,.,w,i,k,i,p,e,d,i,a,.,o,r,g,/,w,i,k,i,/,J,a,m,e,s,_,H,a,r,r,i,s,o,n,_,(,b,l,o,o,d,_,d,o,n,o,)
h,t,t,p,s,:,/,/,e,n,.,w,i,k,i,p,e,d,i,a,.,o,r,g,/,w,i,k,i,/,H,i,g,h,_,g,r,o,u,n,d,F,i,g,h,t,i,n,g
h,t,t,p,s,:,/,/,e,n,.,m,.,w,i,k,i,p,e,d,i,a,.,o,r,g,/,w,i,k,i,/,T,o,y,o,t,a,",",_,u
h,t,t,p,s,:,/,/,e,n,.,w,i,k,i,p,e,d,i,a,.,o,r,g,/,w,i,k,i,/,E,d,u,c,a,t,i,o,n,_,P,r,o,g,r,a,m,:,D,u,k,e,_,U,n,i,v,e,r,s,i,t,y,/,W,I,K,I,P,E,D,I,A,_,A,N,D,_,I,T,S,_,A,N,C,E,S,T,O,R,S,:,_,R,e,t,h,i,n,k,i,n,g,_,E,n,c,y,c,l,o,p,e,d,i,c,_,K,n,o,w,l,e,d,g,e,_,i,n,_,t,h,e,_,D,i,g,i,t,a,l,_,A,g,e,_,%,2,8,S,p,r,i,n,g,_,2,0,1,3,%,2,9
h,t,t,p,s,:,/,/,e,n,.,w,i,k,i,p,e,d,i,a,.,o,r,g,/,w,i,k,i,/,F,i,l,e,%,3,A,V,e,x,i,l,l,u,m,-,P,u,s,h,k,i,n,_,M,u,s,e,u,m,_,o,f,_,F,i,n,e,_,A,r,t,s,.,p,n,g
h,t,t,p,s,:,/,/,e,n,.,w,i,k,i,p,e,d,i,a,.,o,r,g,/,w,i,k,i,/,H,o,m,o,g,e,n,e,o,u,s,_,K,h,a,l,i,d,i,u,s
h,t,t,p,s,:,/,/,e,n,.,w,i,k,i,p,e,d,i,a,.,o,r,g,/,w,i,k,i,/,R,o,x,a,n,n,e,_,W,a,r,s,/
h,t,t,p,s,:,/,/,e,n,.,w,i,k,i,p,e,d,i,a,.,o,r,g,/,w,i,k,i,/,P,a,r,i,t,o,s,h,l,a,d,h,a,n,i
h,t,t,p,s,:,/,/,e,n,.,w,i,k,i,p,e,d,i,a,.,o,r,g,/,w,i,k,i,/,P,h,o,e,n,i,x,_,P,r,o,g,r,a,m,/
h,t,t,p,s,:,/,/,e,n,.,w,i,k,i,p,e,d,i,a,.,o,r,g,/,w,i,k,i,/,F,i,l,e,%,3,A,F,l,i,c,k,r,_,-,_,T,h,e,_,U,.,S,.,_,A,r,m,y,_,-,_,O,b,s,e,r,v,a,t,i,o,n,_,p,o,s,t,.,j,p,g
h,t,t,p,:,/,/,w,i,k,i,p,e,d,i,a,.,o,r,g,/,w,i,k,i,/,s,a,m,u,e,l,_,m,u,d,d
h,t,t,p,s,:,/,/,e,n,.,w,i,k,i,p,e,d,i,a,.,o,r,g,/,w,i,k,i,/,R,o,b,e,r,t,_,F,.,_,K,e,n,n,e,d,y,/,P,r,e,s,i,d,e,n,t,i,a,l,C,a,n,d,i,d,i,a,t,e
h,t,t,p,s,:,/,/,e,n,.,w,i,k,i,p,e,d,i,a,.,o,r,g,/,w,i,k,i,/,T,e,a,r,d,r,o,p,_,(,s,o,n,g,),h,t,t,p,s,:,/,/,e,n,.,w,i,k,i,p,e,d,i,a,.,o,r,g,/,w,i,k,i,/,T,e,a,r,d,r,o,p,_,(,s,o,n,g,),#,D,e,v,e,l,o,p,m,e,n,t
h,t,t,p,s,:,/,/,w,i,k,i,p,e,d,i,a,.,o,r,g,/,w,i,k,i,/,C,a,p,t,u,r,e,_,o,f,_,t,h,e,_,D,u,t,c,h,_,f,l,e,e,t,_,a,t,_,D,e,n,_,H,e,l,d
h,t,t,p,s,:,/,/,e,n,.,w,i,k,i,p,e,d,i,a,.,o,r,g,/,w,i,k,i,/,C,y,b,e,r,_,A,n,a,k,i,n,_,(,h,a,c,k,t,i,v,i,s,t,)
h,t,t,p,s,:,/,/,e,n,.,w,i,k,i,p,e,d,i,a,.,o,r,g,/,w,i,k,i,/,E,l,v,i,s,_,P,r,e,s,l,e,y,n,M,S,j,P,x,Y,P,S,A,m,N,z,l,-,o,X,r,o,f,c,w
h,t,t,p,s,:,/,/,e,n,.,w,i,k,i,p,e,d,i,a,.,o,r,g,/,w,i,k,i,/,B,l,k,.,_,(,w,a,t,e,r,)
h,t,t,p,s,:,/,/,e,n,.,w,i,k,i,p,e,d,i,a,.,o,r,g,/,w,i,k,i,/,M,e,d,i,a,_,c,o,v,e,r,a,g,e,_,o,f,_,t,h,e,_,T,e,d,_,C,r,u,z,_,e,x,t,r,a,m,a,r,i,t,a,l,_,a,f,f,a,i,r,s,_,a,l,l,e,g,a,t,i,o,n
h,t,t,p,s,:,/,/,e,n,.,w,i,k,i,p,e,d,i,a,.,o,r,g,/,w,i,k,i,/,W,i,l,l,i,a,m,_,1,s,t,_,B,a,r,o,n,_,K,e,l,v,i,n,_,o,f,_,L,a,r,g,s
h,t,t,p,s,:,/,/,e,n,.,w,i,k,i,p,e,d,i,a,.,o,r,g,/,w,i,k,i,/,V,i,n,c,e,n,t,_,v,a,n,_,G,o,g,#,D,e,c,e,m,b,e,r,_,1,8,8,8,?,t,e,s,t
h,t,t,p,s,:,/,/,e,n,.,w,i,k,i,p,e,d,i,a,.,o,r,g,/,w,i,k,i,/,W,e,_,n,e,e,d,_,t,o,_,t,a,l,k,_,a,b,o,u,t,_,G,r,i,f,f,i,t,h
h,t,t,p,s,:,/,/,e,n,.,w,i,k,i,p,e,d,i,a,.,o,r,g,/,w,i,k,i,/,L,o,r,e,n,z,o,_,N,i,c,h,o,l,s
h,t,t,p,:,/,/,e,n,.,w,i,k,i,p,e,d,i,a,.,o,r,g,/,w,i,k,i,/,P,a,t,c,h,_,(,U,n,i,x
h,t,t,p,s,:,/,/,e,n,.,w,i,k,i,p,e,d,i,a,.,o,r,g,/,w,i,k,i,/,T,e,m,p,l,a,t,e,:,T,L,S,/,S,S,L,_,s,u,p,p,o,r,t,_,h,i,s,t,o,r,y,_,o,f,_,w,e,b,_,b,r,o,w,s,e,r,s
h,t,t,p,:,/,/,e,n,.,w,i,k,i,p,e,d,i,a,.,o,r,g,/,w,i,k,i,/,W,e,b,_,s,c,r,a,p,i,n,g,.
h,t,t,p,:,/,/,e,n,.,w,i,k,i,p,e,d,i,a,.,o,r,g,/,w,i,k,i,/,C,A,S,T,_,(,s,o,f,t,w,a,r,e,)
h,t,t,p,:,/,/,%,2,0,h,t,t,p,s,:,/,/,s,i,m,p,l,e,.,w,i,k,i,p,e,d,i,a,.,o,r,g,/,w,i,k,i,/,C,l,o,s,u,r,e,_,(,c,o,m,p,u,t,e,r,_,s,c,i,e,n,c,e,)
h,t,t,p,s,:,/,/,e,n,c,r,y,p,t,e,d,.,g,o,o,g,l,e,.,c,o,m,/,u,r,l,?,s,a,=,t,&,a,m,p,;,r,c,t,=,j,&,a,m,p,;,q,=,s,f,i,n,a,e,&,a,m,p,;,s,o,u,r,c,e,=,w,e,b,&,a,m,p,;,c,d,=,1,&,a,m,p,;,c,a,d,=,r,j,a,&,a,m,p,;,s,q,i,=,2,&,a,m,p,;,v,e,d,=,0,C,C,4,Q,F,j,A,A,&,a,m,p,;,u,r,l,=,h,t,t,p,:,/,/,e,n,.,w,i,k,i,p,e,d,i,a,.,o,r,g,/,w,i,k,i,/,S,u,b,s,t,i,t,u,t,i,o,n,_,f,a,i,l,u,r,e,_,i,s,_,n,o,t,_,a,n,_,e,r,r,o,r,&,a,m,p,;,e,i,=,t,1,Q,h,U,c,H,Z,G,-,2,F,0,Q,G,9,y,4,G,Q,D,w,&,a,m,p,;,u,s,g,=,A,F,Q,j,C,N,F,Z,i,K,a,K,2,V,h,9,x,7,O,d,z,C,q,0,M,p,A,8,7,_,X,U,8,w,&,a,m,p,;,b,v,m,=,b,v,.,4,2,5,5,3,2,3,8,",",d,.,c,W,E
h,t,t,p,s,:,/,/,e,n,.,w,i,k,i,p,e,d,i,a,.,o,r,g,/,w,i,k,i,/,A,j,a,x,_,%,2,8,p,r,o,g,r,a,m,m,i,n,g,%,2,9,:
h,t,t,p,:,/,/,e,n,.,w,i,k,i,p,e,d,i,a,.,o,r,g,/,w,i,k,i,/,M,o,b,i,l,e,_,d,e,v,i,c,e,_,d,e,t,e,c,t,i,o,n
h,t,t,p,:,/,/,e,n,.,w,i,k,i,p,e,d,i,a,.,o,r,g,/,w,i,k,i,/,G,l,o,b,a,l,.,a,s,a,x
h,t,t,p,:,/,/,q,u,e,r,y,.,y,a,h,o,o,a,p,i,s,.,c,o,m,/,v,1,/,p,u,b,l,i,c,/,y,q,l,?,q,=,S,E,L,E,C,T,%,2,0,%,2,a,%,2,0,F,R,O,M,%,2,0,h,t,m,l,%,2,0,W,H,E,R,E,%,2,0,u,r,l,=,%,2,2,h,t,t,p,:,/,/,e,n,.,w,i,k,i,p,e,d,i,a,.,o,r,g,/,w,i,k,i,/,G,o,d,%,2,2,%,2,0,&,a,m,p,;,f,o,r,m,a,t,=,j,s,o,n
h,t,t,p,s,:,/,/,a,p,i,.,e,x,t,r,a,c,t,y,.,c,o,m,/,v,1,/,3,3,4,/,6,1,0,f,5,6,7,4,-,5,1,a,c,-,4,0,7,f,-,b,3,a,f,-,6,5,6,9,7,b,8,f,0,0,b,e,/,?,s,e,a,r,c,h,=,o,r,i,g,i,n,&,a,m,p,;,u,r,l,=,h,t,t,p,s,:,/,/,e,n,.,w,i,k,i,p,e,d,i,a,.,o,r,g,/,w,i,k,i,/,B,e,r,l,i,n
h,t,t,p,:,/,/,%,2,0,h,t,t,p,:,/,/,e,n,.,w,i,k,i,p,e,d,i,a,.,o,r,g,/,w,i,k,i,/,V,a,c,u,o,u,s,_,t,r,u,t,h
