0,"('reddit.com', 657023)",54.751916666666666
1,"('imgur.com', 143681)",11.973416666666667
2,"('youtube.com', 99732)",8.311
3,"('twitter.com', 15658)",1.3048333333333333
4,"('gfycat.com', 7284)",0.607
5,"('soundcloud.com', 4687)",0.39058333333333334
6,"('facebook.com', 2561)",0.21341666666666667
7,"('theguardian.com', 2276)",0.18966666666666668
8,"('nytimes.com', 2163)",0.18025
9,"('flickr.com', 2104)",0.17533333333333334
10,"('instagram.com', 2103)",0.17525
11,"('washingtonpost.com', 2077)",0.17308333333333334
12,"('pinterest.com', 1889)",0.15741666666666668
13,"('bbc.co.uk', 1820)",0.15166666666666667
14,"('independent.co.uk', 1809)",0.15075
15,"('wikipedia.org', 1617)",0.13475
16,"('reuters.com', 1473)",0.12275000000000001
17,"('silkyxxx.com', 1321)",0.11008333333333334
18,"('gleam.io', 1177)",0.09808333333333333
19,"('amazon.com', 1077)",0.08975
20,"('streamable.com', 1071)",0.08925
21,"('eroshare.com', 1057)",0.08808333333333333
22,"('cnn.com', 1055)",0.08791666666666667
23,"('dailymotion.com', 1036)",0.08633333333333333
24,"('huffingtonpost.com', 947)",0.07891666666666666
