0,"('wikipedia.org', 773)",28.650852483320975
1,"('youtube.com', 219)",8.117123795404003
2,"('imgur.com', 36)",1.3343217197924389
3,"('reddit.com', 32)",1.1860637509266123
4,"('theguardian.com', 27)",1.000741289844329
5,"('nytimes.com', 23)",0.8524833209785025
6,"('telegraph.co.uk', 19)",0.7042253521126761
7,"('bbc.com', 18)",0.6671608598962194
8,"('drlcfw.blogspot.com', 17)",0.6300963676797628
9,"('mentalfloss.com', 16)",0.5930318754633062
10,"('imdb.com', 16)",0.5930318754633062
11,"('washingtonpost.com', 15)",0.5559673832468496
12,"('dailymail.co.uk', 15)",0.5559673832468496
13,"('businessinsider.com', 11)",0.407709414381023
14,"('huffingtonpost.com', 10)",0.37064492216456635
15,"('bbc.co.uk', 10)",0.37064492216456635
16,"('google.com', 9)",0.3335804299481097
17,"('atlasobscura.com', 8)",0.2965159377316531
18,"('facebook.com', 8)",0.2965159377316531
19,"('history.com', 8)",0.2965159377316531
20,"('thedailybeast.com', 7)",0.25945144551519644
21,"('foxnews.com', 7)",0.25945144551519644
22,"('scientificamerican.com', 7)",0.25945144551519644
23,"('i-love-advertising.blogspot.com', 7)",0.25945144551519644
24,"('muhammadsharif120.wordpress.com', 6)",0.2223869532987398
