0,"('wikipedia.org', 665)",31.53153153153153
1,"('youtube.com', 166)",7.871028923660503
2,"('dailymail.co.uk', 24)",1.1379800853485065
3,"('imdb.com', 23)",1.0905642484589853
4,"('theguardian.com', 21)",0.995732574679943
5,"('drlcfw.blogspot.com', 19)",0.9009009009009009
6,"('nytimes.com', 18)",0.8534850640113799
7,"('washingtonpost.com', 16)",0.7586533902323376
8,"('imgur.com', 15)",0.7112375533428165
9,"('reddit.com', 14)",0.6638217164532955
10,"('i-love-advertising.blogspot.com', 11)",0.5215742057847321
11,"('telegraph.co.uk', 10)",0.474158368895211
12,"('businessinsider.com', 9)",0.42674253200568996
13,"('bbc.co.uk', 8)",0.3793266951161688
14,"('bbc.com', 8)",0.3793266951161688
15,"('google.com', 8)",0.3793266951161688
16,"('npr.org', 8)",0.3793266951161688
17,"('todayifoundout.com', 7)",0.33191085822664773
18,"('books.google.com', 7)",0.33191085822664773
19,"('atlasobscura.com', 7)",0.33191085822664773
20,"('huffingtonpost.com', 6)",0.2844950213371266
21,"('cnet.com', 6)",0.2844950213371266
22,"('cnn.com', 6)",0.2844950213371266
23,"('independent.co.uk', 5)",0.2370791844476055
24,"('mentalfloss.com', 5)",0.2370791844476055
