0,"('reddit.com', 548800)",54.879999999999995
1,"('imgur.com', 118088)",11.8088
2,"('youtube.com', 82581)",8.2581
3,"('twitter.com', 13560)",1.3559999999999999
4,"('gfycat.com', 6077)",0.6077
5,"('soundcloud.com', 3862)",0.3862
6,"('facebook.com', 2090)",0.209
7,"('theguardian.com', 1964)",0.1964
8,"('nytimes.com', 1859)",0.1859
9,"('washingtonpost.com', 1821)",0.18209999999999998
10,"('pinterest.com', 1792)",0.1792
11,"('flickr.com', 1748)",0.1748
12,"('instagram.com', 1682)",0.1682
13,"('bbc.co.uk', 1593)",0.1593
14,"('independent.co.uk', 1497)",0.1497
15,"('wikipedia.org', 1376)",0.1376
16,"('reuters.com', 1236)",0.12359999999999999
17,"('silkyxxx.com', 1051)",0.10510000000000001
18,"('gleam.io', 1034)",0.10339999999999999
19,"('amazon.com', 948)",0.0948
20,"('eroshare.com', 888)",0.0888
21,"('cnn.com', 886)",0.0886
22,"('streamable.com', 874)",0.0874
23,"('huffingtonpost.com', 842)",0.0842
24,"('dailymotion.com', 837)",0.0837
